[{"model": "admin.logentry", "pk": 1, "fields": {"action_time": "2022-11-02T04:47:55.208Z", "user": 1, "content_type": 7, "object_id": "1", "object_repr": "áo khoác hoodie", "action_flag": 1, "change_message": "[{\"added\": {}}]"}}, {"model": "admin.logentry", "pk": 2, "fields": {"action_time": "2022-11-02T04:48:09.415Z", "user": 1, "content_type": 7, "object_id": "2", "object_repr": "áo khoác sweater", "action_flag": 1, "change_message": "[{\"added\": {}}]"}}, {"model": "admin.logentry", "pk": 3, "fields": {"action_time": "2022-11-02T04:48:18.442Z", "user": 1, "content_type": 7, "object_id": "3", "object_repr": "áo khoác demi", "action_flag": 1, "change_message": "[{\"added\": {}}]"}}, {"model": "admin.logentry", "pk": 4, "fields": {"action_time": "2022-11-02T05:58:27.593Z", "user": 1, "content_type": 7, "object_id": "3", "object_repr": "áo khoác demi 2022", "action_flag": 2, "change_message": "[{\"changed\": {\"fields\": [\"Title\"]}}]"}}, {"model": "admin.logentry", "pk": 5, "fields": {"action_time": "2022-11-02T07:40:17.701Z", "user": 1, "content_type": 8, "object_id": "1", "object_repr": "hoodie dù lính", "action_flag": 1, "change_message": "[{\"added\": {}}]"}}, {"model": "admin.logentry", "pk": 6, "fields": {"action_time": "2022-11-02T07:41:21.002Z", "user": 1, "content_type": 8, "object_id": "2", "object_repr": "hoodie trend", "action_flag": 1, "change_message": "[{\"added\": {}}]"}}, {"model": "admin.logentry", "pk": 7, "fields": {"action_time": "2022-11-02T07:41:47.100Z", "user": 1, "content_type": 8, "object_id": "3", "object_repr": "hoodie dù game", "action_flag": 1, "change_message": "[{\"added\": {}}]"}}, {"model": "admin.logentry", "pk": 8, "fields": {"action_time": "2022-11-02T07:43:35.971Z", "user": 1, "content_type": 8, "object_id": "4", "object_repr": "sweater dù lính mũ", "action_flag": 1, "change_message": "[{\"added\": {}}]"}}, {"model": "admin.logentry", "pk": 9, "fields": {"action_time": "2022-11-02T07:43:56.692Z", "user": 1, "content_type": 8, "object_id": "5", "object_repr": "sweater dù học sinh", "action_flag": 1, "change_message": "[{\"added\": {}}]"}}, {"model": "admin.logentry", "pk": 10, "fields": {"action_time": "2022-11-02T07:45:08.620Z", "user": 1, "content_type": 8, "object_id": "6", "object_repr": "sweater khoác dù", "action_flag": 1, "change_message": "[{\"added\": {}}]"}}, {"model": "admin.logentry", "pk": 11, "fields": {"action_time": "2022-11-02T07:45:35.314Z", "user": 1, "content_type": 8, "object_id": "7", "object_repr": "demi lót lông", "action_flag": 1, "change_message": "[{\"added\": {}}]"}}, {"model": "admin.logentry", "pk": 12, "fields": {"action_time": "2022-11-02T07:45:57.326Z", "user": 1, "content_type": 8, "object_id": "8", "object_repr": "demi kaki bomber", "action_flag": 1, "change_message": "[{\"added\": {}}]"}}, {"model": "admin.logentry", "pk": 13, "fields": {"action_time": "2022-11-02T07:46:25.194Z", "user": 1, "content_type": 8, "object_id": "9", "object_repr": "demi kaki", "action_flag": 1, "change_message": "[{\"added\": {}}]"}}, {"model": "admin.logentry", "pk": 14, "fields": {"action_time": "2022-11-03T06:48:55.424Z", "user": 1, "content_type": 9, "object_id": "1", "object_repr": "hoodie strend", "action_flag": 1, "change_message": "[{\"added\": {}}]"}}, {"model": "admin.logentry", "pk": 15, "fields": {"action_time": "2022-11-03T06:50:04.489Z", "user": 1, "content_type": 9, "object_id": "2", "object_repr": "sweater khoác dù", "action_flag": 1, "change_message": "[{\"added\": {}}]"}}, {"model": "admin.logentry", "pk": 16, "fields": {"action_time": "2022-11-03T06:50:26.304Z", "user": 1, "content_type": 9, "object_id": "3", "object_repr": "demi kaki", "action_flag": 1, "change_message": "[{\"added\": {}}]"}}, {"model": "admin.logentry", "pk": 17, "fields": {"action_time": "2022-11-04T15:52:02.179Z", "user": 1, "content_type": 8, "object_id": "1", "object_repr": "hoodie dù lính", "action_flag": 2, "change_message": "[{\"changed\": {\"fields\": [\"Product image\"]}}]"}}, {"model": "admin.logentry", "pk": 18, "fields": {"action_time": "2022-11-07T06:20:41.173Z", "user": 1, "content_type": 9, "object_id": "2", "object_repr": "sweater khoác dù", "action_flag": 2, "change_message": "[{\"changed\": {\"fields\": [\"Promoto expiration\"]}}]"}}, {"model": "admin.logentry", "pk": 19, "fields": {"action_time": "2022-11-09T03:03:53.052Z", "user": 1, "content_type": 10, "object_id": "1", "object_repr": "Bất ngờ với loại trang phục anh em hễ mặc là phái đẹp mê đắm", "action_flag": 1, "change_message": "[{\"added\": {}}]"}}, {"model": "admin.logentry", "pk": 20, "fields": {"action_time": "2022-11-09T03:05:13.902Z", "user": 1, "content_type": 10, "object_id": "2", "object_repr": "Những món đồ đàn ông nên có cho mùa thu", "action_flag": 1, "change_message": "[{\"added\": {}}]"}}, {"model": "admin.logentry", "pk": 21, "fields": {"action_time": "2022-11-09T03:06:19.762Z", "user": 1, "content_type": 10, "object_id": "3", "object_repr": "5 mẹo giúp phái mạnh diện đồ đơn giản nhưng sang", "action_flag": 1, "change_message": "[{\"added\": {}}]"}}, {"model": "admin.logentry", "pk": 22, "fields": {"action_time": "2022-11-10T03:43:57.778Z", "user": 1, "content_type": 11, "object_id": "1", "object_repr": "0 - 500000", "action_flag": 1, "change_message": "[{\"added\": {}}]"}}, {"model": "admin.logentry", "pk": 23, "fields": {"action_time": "2022-11-10T03:45:32.725Z", "user": 1, "content_type": 11, "object_id": "1", "object_repr": "0 - 200000", "action_flag": 2, "change_message": "[{\"changed\": {\"fields\": [\"Max\"]}}]"}}, {"model": "admin.logentry", "pk": 24, "fields": {"action_time": "2022-11-10T03:45:43.449Z", "user": 1, "content_type": 11, "object_id": "2", "object_repr": "200000 - 500000", "action_flag": 1, "change_message": "[{\"added\": {}}]"}}, {"model": "admin.logentry", "pk": 25, "fields": {"action_time": "2022-11-10T03:45:53.307Z", "user": 1, "content_type": 11, "object_id": "3", "object_repr": "500000 - 1000000", "action_flag": 1, "change_message": "[{\"added\": {}}]"}}, {"model": "admin.logentry", "pk": 26, "fields": {"action_time": "2022-11-10T03:46:05.814Z", "user": 1, "content_type": 11, "object_id": "4", "object_repr": "1000000 - 2000000", "action_flag": 1, "change_message": "[{\"added\": {}}]"}}, {"model": "admin.logentry", "pk": 27, "fields": {"action_time": "2022-11-10T03:46:22.917Z", "user": 1, "content_type": 11, "object_id": "5", "object_repr": "2000000 - 50000000", "action_flag": 1, "change_message": "[{\"added\": {}}]"}}, {"model": "admin.logentry", "pk": 28, "fields": {"action_time": "2022-11-10T04:22:44.644Z", "user": 1, "content_type": 12, "object_id": "1", "object_repr": "S", "action_flag": 1, "change_message": "[{\"added\": {}}]"}}, {"model": "admin.logentry", "pk": 29, "fields": {"action_time": "2022-11-10T04:22:48.262Z", "user": 1, "content_type": 12, "object_id": "2", "object_repr": "M", "action_flag": 1, "change_message": "[{\"added\": {}}]"}}, {"model": "admin.logentry", "pk": 30, "fields": {"action_time": "2022-11-10T04:22:52.485Z", "user": 1, "content_type": 12, "object_id": "3", "object_repr": "L", "action_flag": 1, "change_message": "[{\"added\": {}}]"}}, {"model": "admin.logentry", "pk": 31, "fields": {"action_time": "2022-11-10T04:22:55.991Z", "user": 1, "content_type": 12, "object_id": "4", "object_repr": "XL", "action_flag": 1, "change_message": "[{\"added\": {}}]"}}, {"model": "admin.logentry", "pk": 32, "fields": {"action_time": "2022-11-10T04:22:59.479Z", "user": 1, "content_type": 12, "object_id": "5", "object_repr": "XXL", "action_flag": 1, "change_message": "[{\"added\": {}}]"}}, {"model": "admin.logentry", "pk": 33, "fields": {"action_time": "2022-11-10T04:23:03.192Z", "user": 1, "content_type": 12, "object_id": "6", "object_repr": "XXXL", "action_flag": 1, "change_message": "[{\"added\": {}}]"}}, {"model": "admin.logentry", "pk": 34, "fields": {"action_time": "2022-11-10T04:23:07.845Z", "user": 1, "content_type": 12, "object_id": "7", "object_repr": "XXXXL", "action_flag": 1, "change_message": "[{\"added\": {}}]"}}, {"model": "admin.logentry", "pk": 35, "fields": {"action_time": "2022-11-10T04:23:29.775Z", "user": 1, "content_type": 12, "object_id": "8", "object_repr": "XS", "action_flag": 1, "change_message": "[{\"added\": {}}]"}}, {"model": "admin.logentry", "pk": 36, "fields": {"action_time": "2022-11-10T08:07:42.699Z", "user": 1, "content_type": 13, "object_id": "1", "object_repr": "black", "action_flag": 1, "change_message": "[{\"added\": {}}]"}}, {"model": "admin.logentry", "pk": 37, "fields": {"action_time": "2022-11-10T08:08:12.651Z", "user": 1, "content_type": 13, "object_id": "2", "object_repr": "blue", "action_flag": 1, "change_message": "[{\"added\": {}}]"}}, {"model": "admin.logentry", "pk": 38, "fields": {"action_time": "2022-11-10T08:08:30.104Z", "user": 1, "content_type": 13, "object_id": "3", "object_repr": "red", "action_flag": 1, "change_message": "[{\"added\": {}}]"}}, {"model": "admin.logentry", "pk": 39, "fields": {"action_time": "2022-11-10T08:08:45.166Z", "user": 1, "content_type": 13, "object_id": "4", "object_repr": "green", "action_flag": 1, "change_message": "[{\"added\": {}}]"}}, {"model": "admin.logentry", "pk": 40, "fields": {"action_time": "2022-11-10T08:09:14.233Z", "user": 1, "content_type": 13, "object_id": "5", "object_repr": "white", "action_flag": 1, "change_message": "[{\"added\": {}}]"}}, {"model": "admin.logentry", "pk": 41, "fields": {"action_time": "2022-11-10T08:09:44.849Z", "user": 1, "content_type": 13, "object_id": "6", "object_repr": "yellow", "action_flag": 1, "change_message": "[{\"added\": {}}]"}}, {"model": "admin.logentry", "pk": 42, "fields": {"action_time": "2022-11-10T08:10:26.482Z", "user": 1, "content_type": 13, "object_id": "7", "object_repr": "Violet", "action_flag": 1, "change_message": "[{\"added\": {}}]"}}, {"model": "admin.logentry", "pk": 43, "fields": {"action_time": "2022-11-10T08:10:50.027Z", "user": 1, "content_type": 13, "object_id": "8", "object_repr": "pink", "action_flag": 1, "change_message": "[{\"added\": {}}]"}}, {"model": "admin.logentry", "pk": 44, "fields": {"action_time": "2022-11-10T08:11:11.680Z", "user": 1, "content_type": 13, "object_id": "9", "object_repr": "cafe", "action_flag": 1, "change_message": "[{\"added\": {}}]"}}, {"model": "admin.logentry", "pk": 45, "fields": {"action_time": "2022-11-10T14:52:24.728Z", "user": 1, "content_type": 9, "object_id": "3", "object_repr": "demi kaki", "action_flag": 2, "change_message": "[{\"changed\": {\"fields\": [\"Promoto expiration\"]}}]"}}, {"model": "admin.logentry", "pk": 46, "fields": {"action_time": "2022-11-10T14:52:32.652Z", "user": 1, "content_type": 9, "object_id": "2", "object_repr": "sweater khoác dù", "action_flag": 2, "change_message": "[{\"changed\": {\"fields\": [\"Promoto expiration\"]}}]"}}, {"model": "admin.logentry", "pk": 47, "fields": {"action_time": "2022-11-10T14:52:39.160Z", "user": 1, "content_type": 9, "object_id": "1", "object_repr": "hoodie strend", "action_flag": 2, "change_message": "[{\"changed\": {\"fields\": [\"Promoto expiration\"]}}]"}}, {"model": "admin.logentry", "pk": 48, "fields": {"action_time": "2022-11-10T14:54:23.007Z", "user": 1, "content_type": 12, "object_id": "7", "object_repr": "4XL", "action_flag": 2, "change_message": "[{\"changed\": {\"fields\": [\"Title\", \"Slug\"]}}]"}}, {"model": "admin.logentry", "pk": 49, "fields": {"action_time": "2022-11-10T14:54:28.701Z", "user": 1, "content_type": 12, "object_id": "6", "object_repr": "3XL", "action_flag": 2, "change_message": "[{\"changed\": {\"fields\": [\"Title\"]}}]"}}, {"model": "admin.logentry", "pk": 50, "fields": {"action_time": "2022-11-10T16:34:57.285Z", "user": 1, "content_type": 13, "object_id": "6", "object_repr": "yellow", "action_flag": 2, "change_message": "[{\"changed\": {\"fields\": [\"Code\"]}}]"}}, {"model": "admin.logentry", "pk": 51, "fields": {"action_time": "2022-11-10T16:35:03.926Z", "user": 1, "content_type": 13, "object_id": "7", "object_repr": "Violet", "action_flag": 2, "change_message": "[{\"changed\": {\"fields\": [\"Code\"]}}]"}}, {"model": "admin.logentry", "pk": 52, "fields": {"action_time": "2022-11-10T16:35:10.877Z", "user": 1, "content_type": 13, "object_id": "8", "object_repr": "pink", "action_flag": 2, "change_message": "[{\"changed\": {\"fields\": [\"Code\"]}}]"}}, {"model": "admin.logentry", "pk": 53, "fields": {"action_time": "2022-11-12T05:30:20.616Z", "user": 1, "content_type": 8, "object_id": "9", "object_repr": "demi kaki", "action_flag": 2, "change_message": "[{\"added\": {\"name\": \"product type\", \"object\": \"ProductType object (1)\"}}, {\"added\": {\"name\": \"product type\", \"object\": \"ProductType object (2)\"}}, {\"added\": {\"name\": \"product type\", \"object\": \"ProductType object (3)\"}}, {\"added\": {\"name\": \"product type\", \"object\": \"ProductType object (4)\"}}]"}}, {"model": "admin.logentry", "pk": 54, "fields": {"action_time": "2022-11-12T05:30:36.347Z", "user": 1, "content_type": 8, "object_id": "8", "object_repr": "demi kaki bomber", "action_flag": 2, "change_message": "[{\"added\": {\"name\": \"product type\", \"object\": \"ProductType object (5)\"}}, {\"added\": {\"name\": \"product type\", \"object\": \"ProductType object (6)\"}}, {\"added\": {\"name\": \"product type\", \"object\": \"ProductType object (7)\"}}]"}}, {"model": "admin.logentry", "pk": 55, "fields": {"action_time": "2022-11-12T05:30:59.864Z", "user": 1, "content_type": 8, "object_id": "5", "object_repr": "sweater dù học sinh", "action_flag": 2, "change_message": "[{\"added\": {\"name\": \"product type\", \"object\": \"ProductType object (8)\"}}, {\"added\": {\"name\": \"product type\", \"object\": \"ProductType object (9)\"}}, {\"added\": {\"name\": \"product type\", \"object\": \"ProductType object (10)\"}}]"}}, {"model": "admin.logentry", "pk": 56, "fields": {"action_time": "2022-11-12T07:12:26.700Z", "user": 1, "content_type": 8, "object_id": "1", "object_repr": "hoodie dù lính", "action_flag": 2, "change_message": "[{\"added\": {\"name\": \"product type\", \"object\": \"ProductType object (11)\"}}, {\"added\": {\"name\": \"product type\", \"object\": \"ProductType object (12)\"}}, {\"added\": {\"name\": \"product type\", \"object\": \"ProductType object (13)\"}}]"}}, {"model": "admin.logentry", "pk": 57, "fields": {"action_time": "2022-11-17T16:02:04.566Z", "user": 1, "content_type": 15, "object_id": "8b3cd706-c752-494a-a83a-77cbb650fdc1", "object_repr": "anonymous", "action_flag": 1, "change_message": "[{\"added\": {}}]"}}, {"model": "admin.logentry", "pk": 58, "fields": {"action_time": "2022-11-21T04:42:28.404Z", "user": 1, "content_type": 8, "object_id": "9", "object_repr": "demi kaki", "action_flag": 2, "change_message": "[{\"added\": {\"name\": \"product image\", \"object\": \"1\"}}]"}}, {"model": "admin.logentry", "pk": 59, "fields": {"action_time": "2022-11-21T04:50:07.732Z", "user": 1, "content_type": 8, "object_id": "9", "object_repr": "demi kaki", "action_flag": 2, "change_message": "[{\"added\": {\"name\": \"product image\", \"object\": \"2\"}}]"}}, {"model": "admin.logentry", "pk": 60, "fields": {"action_time": "2022-11-21T04:53:08.088Z", "user": 1, "content_type": 8, "object_id": "9", "object_repr": "demi kaki", "action_flag": 2, "change_message": "[{\"added\": {\"name\": \"product image\", \"object\": \"3\"}}]"}}, {"model": "admin.logentry", "pk": 61, "fields": {"action_time": "2022-11-21T05:42:43.738Z", "user": 1, "content_type": 8, "object_id": "9", "object_repr": "demi kaki", "action_flag": 2, "change_message": "[{\"added\": {\"name\": \"product image\", \"object\": \"4\"}}]"}}, {"model": "admin.logentry", "pk": 62, "fields": {"action_time": "2022-11-21T05:47:09.403Z", "user": 1, "content_type": 8, "object_id": "9", "object_repr": "demi kaki", "action_flag": 2, "change_message": "[{\"changed\": {\"name\": \"product image\", \"object\": \"4\", \"fields\": [\"Image\"]}}]"}}, {"model": "admin.logentry", "pk": 63, "fields": {"action_time": "2022-11-21T05:49:45.336Z", "user": 1, "content_type": 8, "object_id": "9", "object_repr": "demi kaki", "action_flag": 2, "change_message": "[{\"changed\": {\"name\": \"product image\", \"object\": \"1\", \"fields\": [\"Image thumb\"]}}, {\"changed\": {\"name\": \"product image\", \"object\": \"2\", \"fields\": [\"Image thumb\"]}}, {\"changed\": {\"name\": \"product image\", \"object\": \"3\", \"fields\": [\"Image thumb\"]}}]"}}, {"model": "admin.logentry", "pk": 64, "fields": {"action_time": "2022-11-21T05:51:32.977Z", "user": 1, "content_type": 8, "object_id": "9", "object_repr": "demi kaki", "action_flag": 2, "change_message": "[{\"added\": {\"name\": \"product image\", \"object\": \"5\"}}]"}}, {"model": "admin.logentry", "pk": 65, "fields": {"action_time": "2022-11-21T06:09:28.194Z", "user": 1, "content_type": 8, "object_id": "6", "object_repr": "sweater khoác dù", "action_flag": 2, "change_message": "[{\"added\": {\"name\": \"product image\", \"object\": \"6\"}}]"}}, {"model": "admin.logentry", "pk": 66, "fields": {"action_time": "2022-11-21T06:10:23.967Z", "user": 1, "content_type": 18, "object_id": "5", "object_repr": "5", "action_flag": 3, "change_message": ""}}, {"model": "admin.logentry", "pk": 67, "fields": {"action_time": "2022-11-21T06:10:29.967Z", "user": 1, "content_type": 18, "object_id": "1", "object_repr": "1", "action_flag": 3, "change_message": ""}}, {"model": "admin.logentry", "pk": 68, "fields": {"action_time": "2022-11-21T06:10:33.231Z", "user": 1, "content_type": 18, "object_id": "2", "object_repr": "2", "action_flag": 3, "change_message": ""}}, {"model": "admin.logentry", "pk": 69, "fields": {"action_time": "2022-11-21T06:10:36.165Z", "user": 1, "content_type": 18, "object_id": "3", "object_repr": "3", "action_flag": 3, "change_message": ""}}, {"model": "admin.logentry", "pk": 70, "fields": {"action_time": "2022-11-21T06:10:39.162Z", "user": 1, "content_type": 18, "object_id": "4", "object_repr": "4", "action_flag": 3, "change_message": ""}}, {"model": "admin.logentry", "pk": 71, "fields": {"action_time": "2022-11-21T06:11:21.560Z", "user": 1, "content_type": 8, "object_id": "9", "object_repr": "demi kaki", "action_flag": 2, "change_message": "[{\"added\": {\"name\": \"product image\", \"object\": \"7\"}}, {\"added\": {\"name\": \"product image\", \"object\": \"8\"}}, {\"added\": {\"name\": \"product image\", \"object\": \"9\"}}, {\"added\": {\"name\": \"product image\", \"object\": \"10\"}}]"}}, {"model": "admin.logentry", "pk": 72, "fields": {"action_time": "2022-11-21T07:55:37.386Z", "user": 1, "content_type": 8, "object_id": "8", "object_repr": "demi kaki bomber", "action_flag": 2, "change_message": "[{\"added\": {\"name\": \"product image\", \"object\": \"11\"}}, {\"added\": {\"name\": \"product image\", \"object\": \"12\"}}, {\"added\": {\"name\": \"product image\", \"object\": \"13\"}}, {\"added\": {\"name\": \"product image\", \"object\": \"14\"}}]"}}, {"model": "admin.logentry", "pk": 73, "fields": {"action_time": "2022-11-21T07:56:42.934Z", "user": 1, "content_type": 8, "object_id": "7", "object_repr": "demi lót lông", "action_flag": 2, "change_message": "[{\"added\": {\"name\": \"product type\", \"object\": \"ProductType object (14)\"}}, {\"added\": {\"name\": \"product type\", \"object\": \"ProductType object (15)\"}}, {\"added\": {\"name\": \"product type\", \"object\": \"ProductType object (16)\"}}, {\"added\": {\"name\": \"product type\", \"object\": \"ProductType object (17)\"}}, {\"added\": {\"name\": \"product image\", \"object\": \"15\"}}, {\"added\": {\"name\": \"product image\", \"object\": \"16\"}}, {\"added\": {\"name\": \"product image\", \"object\": \"17\"}}, {\"added\": {\"name\": \"product image\", \"object\": \"18\"}}]"}}, {"model": "admin.logentry", "pk": 74, "fields": {"action_time": "2022-11-21T07:57:44.611Z", "user": 1, "content_type": 8, "object_id": "6", "object_repr": "sweater khoác dù", "action_flag": 2, "change_message": "[{\"added\": {\"name\": \"product type\", \"object\": \"ProductType object (18)\"}}, {\"added\": {\"name\": \"product type\", \"object\": \"ProductType object (19)\"}}, {\"added\": {\"name\": \"product type\", \"object\": \"ProductType object (20)\"}}, {\"added\": {\"name\": \"product image\", \"object\": \"19\"}}, {\"added\": {\"name\": \"product image\", \"object\": \"20\"}}, {\"added\": {\"name\": \"product image\", \"object\": \"21\"}}, {\"added\": {\"name\": \"product image\", \"object\": \"22\"}}]"}}, {"model": "admin.logentry", "pk": 75, "fields": {"action_time": "2022-11-21T07:58:27.691Z", "user": 1, "content_type": 8, "object_id": "5", "object_repr": "sweater dù học sinh", "action_flag": 2, "change_message": "[{\"added\": {\"name\": \"product image\", \"object\": \"23\"}}, {\"added\": {\"name\": \"product image\", \"object\": \"24\"}}, {\"added\": {\"name\": \"product image\", \"object\": \"25\"}}, {\"added\": {\"name\": \"product image\", \"object\": \"26\"}}]"}}, {"model": "admin.logentry", "pk": 76, "fields": {"action_time": "2022-11-21T07:59:18.132Z", "user": 1, "content_type": 8, "object_id": "4", "object_repr": "sweater dù lính mũ", "action_flag": 2, "change_message": "[{\"added\": {\"name\": \"product type\", \"object\": \"ProductType object (21)\"}}, {\"added\": {\"name\": \"product type\", \"object\": \"ProductType object (22)\"}}, {\"added\": {\"name\": \"product type\", \"object\": \"ProductType object (23)\"}}, {\"added\": {\"name\": \"product image\", \"object\": \"27\"}}, {\"added\": {\"name\": \"product image\", \"object\": \"28\"}}, {\"added\": {\"name\": \"product image\", \"object\": \"29\"}}, {\"added\": {\"name\": \"product image\", \"object\": \"30\"}}]"}}, {"model": "admin.logentry", "pk": 77, "fields": {"action_time": "2022-11-21T08:00:16.471Z", "user": 1, "content_type": 8, "object_id": "3", "object_repr": "hoodie dù game", "action_flag": 2, "change_message": "[{\"added\": {\"name\": \"product type\", \"object\": \"ProductType object (24)\"}}, {\"added\": {\"name\": \"product type\", \"object\": \"ProductType object (25)\"}}, {\"added\": {\"name\": \"product type\", \"object\": \"ProductType object (26)\"}}, {\"added\": {\"name\": \"product image\", \"object\": \"31\"}}, {\"added\": {\"name\": \"product image\", \"object\": \"32\"}}, {\"added\": {\"name\": \"product image\", \"object\": \"33\"}}, {\"added\": {\"name\": \"product image\", \"object\": \"34\"}}]"}}, {"model": "admin.logentry", "pk": 78, "fields": {"action_time": "2022-11-21T08:01:11.843Z", "user": 1, "content_type": 8, "object_id": "2", "object_repr": "hoodie trend", "action_flag": 2, "change_message": "[{\"added\": {\"name\": \"product type\", \"object\": \"ProductType object (27)\"}}, {\"added\": {\"name\": \"product type\", \"object\": \"ProductType object (28)\"}}, {\"added\": {\"name\": \"product type\", \"object\": \"ProductType object (29)\"}}, {\"added\": {\"name\": \"product image\", \"object\": \"35\"}}, {\"added\": {\"name\": \"product image\", \"object\": \"36\"}}, {\"added\": {\"name\": \"product image\", \"object\": \"37\"}}, {\"added\": {\"name\": \"product image\", \"object\": \"38\"}}]"}}, {"model": "admin.logentry", "pk": 79, "fields": {"action_time": "2022-11-21T08:01:45.870Z", "user": 1, "content_type": 8, "object_id": "1", "object_repr": "hoodie dù lính", "action_flag": 2, "change_message": "[{\"added\": {\"name\": \"product image\", \"object\": \"39\"}}, {\"added\": {\"name\": \"product image\", \"object\": \"40\"}}, {\"added\": {\"name\": \"product image\", \"object\": \"41\"}}, {\"added\": {\"name\": \"product image\", \"object\": \"42\"}}]"}}, {"model": "admin.logentry", "pk": 80, "fields": {"action_time": "2022-11-23T04:08:26.586Z", "user": 1, "content_type": 8, "object_id": "9", "object_repr": "demi kaki", "action_flag": 2, "change_message": "[{\"changed\": {\"name\": \"product type\", \"object\": \"ProductType object (1)\", \"fields\": [\"Size\"]}}]"}}, {"model": "admin.logentry", "pk": 81, "fields": {"action_time": "2022-11-23T08:18:56.563Z", "user": 1, "content_type": 8, "object_id": "9", "object_repr": "demi kaki", "action_flag": 2, "change_message": "[{\"changed\": {\"fields\": [\"Short description\", \"Description\"]}}]"}}, {"model": "admin.logentry", "pk": 82, "fields": {"action_time": "2022-11-23T08:19:38.307Z", "user": 1, "content_type": 8, "object_id": "8", "object_repr": "demi kaki bomber", "action_flag": 2, "change_message": "[{\"changed\": {\"fields\": [\"Short description\", \"Description\"]}}]"}}, {"model": "admin.logentry", "pk": 83, "fields": {"action_time": "2022-11-23T08:20:15.886Z", "user": 1, "content_type": 8, "object_id": "7", "object_repr": "demi lót lông", "action_flag": 2, "change_message": "[{\"changed\": {\"fields\": [\"Short description\", \"Description\"]}}]"}}, {"model": "admin.logentry", "pk": 84, "fields": {"action_time": "2022-11-23T08:20:52.943Z", "user": 1, "content_type": 8, "object_id": "6", "object_repr": "sweater khoác dù", "action_flag": 2, "change_message": "[{\"changed\": {\"fields\": [\"Short description\", \"Description\"]}}]"}}, {"model": "admin.logentry", "pk": 85, "fields": {"action_time": "2022-11-23T08:21:37.761Z", "user": 1, "content_type": 8, "object_id": "5", "object_repr": "sweater dù học sinh", "action_flag": 2, "change_message": "[{\"changed\": {\"fields\": [\"Short description\", \"Description\"]}}]"}}, {"model": "admin.logentry", "pk": 86, "fields": {"action_time": "2022-11-23T08:22:49.461Z", "user": 1, "content_type": 8, "object_id": "4", "object_repr": "sweater dù lính mũ", "action_flag": 2, "change_message": "[{\"changed\": {\"fields\": [\"Short description\", \"Description\"]}}]"}}, {"model": "admin.logentry", "pk": 87, "fields": {"action_time": "2022-11-23T08:23:24.157Z", "user": 1, "content_type": 8, "object_id": "3", "object_repr": "hoodie dù game", "action_flag": 2, "change_message": "[{\"changed\": {\"fields\": [\"Short description\", \"Description\"]}}]"}}, {"model": "admin.logentry", "pk": 88, "fields": {"action_time": "2022-11-23T08:28:51.783Z", "user": 1, "content_type": 8, "object_id": "9", "object_repr": "demi kaki", "action_flag": 2, "change_message": "[{\"changed\": {\"fields\": [\"Description\"]}}]"}}, {"model": "admin.logentry", "pk": 89, "fields": {"action_time": "2022-11-24T02:52:48.722Z", "user": 1, "content_type": 8, "object_id": "9", "object_repr": "demi kaki", "action_flag": 2, "change_message": "[{\"changed\": {\"fields\": [\"Description\"]}}]"}}, {"model": "admin.logentry", "pk": 90, "fields": {"action_time": "2022-11-24T03:23:07.070Z", "user": 1, "content_type": 8, "object_id": "8", "object_repr": "demi kaki bomber", "action_flag": 2, "change_message": "[{\"changed\": {\"fields\": [\"Description\"]}}]"}}, {"model": "admin.logentry", "pk": 91, "fields": {"action_time": "2022-11-24T03:23:46.684Z", "user": 1, "content_type": 8, "object_id": "8", "object_repr": "demi kaki bomber", "action_flag": 2, "change_message": "[{\"changed\": {\"fields\": [\"Description\"]}}]"}}, {"model": "admin.logentry", "pk": 92, "fields": {"action_time": "2022-11-24T03:24:18.055Z", "user": 1, "content_type": 8, "object_id": "8", "object_repr": "demi kaki bomber", "action_flag": 2, "change_message": "[{\"changed\": {\"fields\": [\"Description\"]}}]"}}, {"model": "admin.logentry", "pk": 93, "fields": {"action_time": "2022-11-24T03:38:21.919Z", "user": 1, "content_type": 8, "object_id": "7", "object_repr": "demi lót lông", "action_flag": 2, "change_message": "[{\"changed\": {\"fields\": [\"Description\"]}}]"}}, {"model": "admin.logentry", "pk": 94, "fields": {"action_time": "2022-11-25T03:23:22.510Z", "user": 1, "content_type": 20, "object_id": "1", "object_repr": "nhà giáo viet nam", "action_flag": 1, "change_message": "[{\"added\": {}}]"}}, {"model": "admin.logentry", "pk": 95, "fields": {"action_time": "2022-11-25T03:24:26.386Z", "user": 1, "content_type": 20, "object_id": "2", "object_repr": "Ngày hội noel", "action_flag": 1, "change_message": "[{\"added\": {}}]"}}, {"model": "admin.logentry", "pk": 96, "fields": {"action_time": "2022-11-25T03:42:35.016Z", "user": 1, "content_type": 8, "object_id": "9", "object_repr": "demi kaki", "action_flag": 2, "change_message": "[{\"changed\": {\"fields\": [\"Description\", \"Is free ship\", \"Discount\"]}}]"}}, {"model": "admin.logentry", "pk": 97, "fields": {"action_time": "2022-11-25T03:42:43.942Z", "user": 1, "content_type": 8, "object_id": "7", "object_repr": "demi lót lông", "action_flag": 2, "change_message": "[{\"changed\": {\"fields\": [\"Is free ship\", \"Discount\"]}}]"}}, {"model": "admin.logentry", "pk": 98, "fields": {"action_time": "2022-11-25T03:42:49.988Z", "user": 1, "content_type": 8, "object_id": "5", "object_repr": "sweater dù học sinh", "action_flag": 2, "change_message": "[{\"changed\": {\"fields\": [\"Description\", \"Is free ship\"]}}]"}}, {"model": "admin.logentry", "pk": 99, "fields": {"action_time": "2022-11-25T03:45:04.614Z", "user": 1, "content_type": 8, "object_id": "2", "object_repr": "hoodie trend", "action_flag": 2, "change_message": "[{\"changed\": {\"fields\": [\"Discount\"]}}]"}}, {"model": "admin.logentry", "pk": 100, "fields": {"action_time": "2022-11-25T03:45:11.946Z", "user": 1, "content_type": 8, "object_id": "2", "object_repr": "hoodie trend", "action_flag": 2, "change_message": "[]"}}, {"model": "admin.logentry", "pk": 101, "fields": {"action_time": "2022-11-25T03:45:20.725Z", "user": 1, "content_type": 8, "object_id": "1", "object_repr": "hoodie dù lính", "action_flag": 2, "change_message": "[{\"changed\": {\"fields\": [\"Discount\"]}}]"}}, {"model": "admin.logentry", "pk": 102, "fields": {"action_time": "2022-11-27T08:50:22.004Z", "user": 1, "content_type": 21, "object_id": "1", "object_repr": "NOEL", "action_flag": 1, "change_message": "[{\"added\": {}}]"}}, {"model": "admin.logentry", "pk": 103, "fields": {"action_time": "2022-11-27T08:50:42.193Z", "user": 1, "content_type": 21, "object_id": "2", "object_repr": "DONTET", "action_flag": 1, "change_message": "[{\"added\": {}}]"}}, {"model": "admin.logentry", "pk": 104, "fields": {"action_time": "2022-11-29T15:36:10.068Z", "user": 1, "content_type": 22, "object_id": "1", "object_repr": "14 XU HƯỚNG THỜI TRANG NỔI BẬT NHẤT MÙA XUÂN HÈ 2023", "action_flag": 1, "change_message": "[{\"added\": {}}]"}}, {"model": "admin.logentry", "pk": 105, "fields": {"action_time": "2022-11-29T15:43:32.823Z", "user": 1, "content_type": 22, "object_id": "2", "object_repr": "\"Bí kíp\" giảm 5cm vòng 2 trong 1 tháng để đón tết của chuyên gia ẩm thực", "action_flag": 1, "change_message": "[{\"added\": {}}]"}}, {"model": "admin.logentry", "pk": 106, "fields": {"action_time": "2022-11-29T15:44:14.631Z", "user": 1, "content_type": 22, "object_id": "3", "object_repr": "Tóc đuôi ngựa Barbie, kiểu tóc giúp nàng vừa sang vừa xinh như các It girl", "action_flag": 1, "change_message": "[{\"added\": {}}]"}}, {"model": "admin.logentry", "pk": 107, "fields": {"action_time": "2022-12-01T05:42:58.977Z", "user": 1, "content_type": 23, "object_id": "1", "object_repr": "1", "action_flag": 1, "change_message": "[{\"added\": {}}]"}}, {"model": "admin.logentry", "pk": 108, "fields": {"action_time": "2022-12-10T15:35:20.018Z", "user": 1, "content_type": 21, "object_id": "1", "object_repr": "NOEL", "action_flag": 2, "change_message": "[]"}}, {"model": "admin.logentry", "pk": 109, "fields": {"action_time": "2022-12-10T15:35:35.898Z", "user": 1, "content_type": 21, "object_id": "1", "object_repr": "NOEL", "action_flag": 2, "change_message": "[{\"changed\": {\"fields\": [\"Valid to\"]}}]"}}, {"model": "admin.logentry", "pk": 110, "fields": {"action_time": "2022-12-12T02:23:14.797Z", "user": 1, "content_type": 13, "object_id": "8", "object_repr": "màu hồng", "action_flag": 2, "change_message": "[{\"changed\": {\"fields\": [\"Title\"]}}]"}}, {"model": "admin.logentry", "pk": 111, "fields": {"action_time": "2022-12-12T02:23:23.961Z", "user": 1, "content_type": 13, "object_id": "7", "object_repr": "màu tím", "action_flag": 2, "change_message": "[{\"changed\": {\"fields\": [\"Title\"]}}]"}}, {"model": "admin.logentry", "pk": 112, "fields": {"action_time": "2022-12-12T02:23:33.044Z", "user": 1, "content_type": 13, "object_id": "6", "object_repr": "vàng", "action_flag": 2, "change_message": "[{\"changed\": {\"fields\": [\"Title\"]}}]"}}, {"model": "admin.logentry", "pk": 113, "fields": {"action_time": "2022-12-12T02:23:38.890Z", "user": 1, "content_type": 13, "object_id": "5", "object_repr": "trắng", "action_flag": 2, "change_message": "[{\"changed\": {\"fields\": [\"Title\"]}}]"}}, {"model": "admin.logentry", "pk": 114, "fields": {"action_time": "2022-12-12T02:23:48.489Z", "user": 1, "content_type": 13, "object_id": "4", "object_repr": "xanh lá cây", "action_flag": 2, "change_message": "[{\"changed\": {\"fields\": [\"Title\"]}}]"}}, {"model": "admin.logentry", "pk": 115, "fields": {"action_time": "2022-12-12T02:23:53.880Z", "user": 1, "content_type": 13, "object_id": "3", "object_repr": "đỏ", "action_flag": 2, "change_message": "[{\"changed\": {\"fields\": [\"Title\"]}}]"}}, {"model": "admin.logentry", "pk": 116, "fields": {"action_time": "2022-12-12T02:24:11.132Z", "user": 1, "content_type": 13, "object_id": "2", "object_repr": "xanh da trời", "action_flag": 2, "change_message": "[{\"changed\": {\"fields\": [\"Title\"]}}]"}}, {"model": "admin.logentry", "pk": 117, "fields": {"action_time": "2022-12-12T02:24:16.539Z", "user": 1, "content_type": 13, "object_id": "1", "object_repr": "đen", "action_flag": 2, "change_message": "[{\"changed\": {\"fields\": [\"Title\"]}}]"}}, {"model": "admin.logentry", "pk": 118, "fields": {"action_time": "2022-12-12T02:32:44.557Z", "user": 1, "content_type": 8, "object_id": "6", "object_repr": "sweater khoác dù", "action_flag": 2, "change_message": "[{\"changed\": {\"fields\": [\"Description\"]}}]"}}, {"model": "admin.logentry", "pk": 119, "fields": {"action_time": "2022-12-12T02:38:22.243Z", "user": 1, "content_type": 8, "object_id": "10", "object_repr": "hot trend 2022", "action_flag": 1, "change_message": "[{\"added\": {}}, {\"added\": {\"name\": \"product type\", \"object\": \"ProductType object (30)\"}}, {\"added\": {\"name\": \"product type\", \"object\": \"ProductType object (31)\"}}, {\"added\": {\"name\": \"product type\", \"object\": \"ProductType object (32)\"}}, {\"added\": {\"name\": \"product image\", \"object\": \"43\"}}, {\"added\": {\"name\": \"product image\", \"object\": \"44\"}}, {\"added\": {\"name\": \"product image\", \"object\": \"45\"}}, {\"added\": {\"name\": \"product image\", \"object\": \"46\"}}]"}}, {"model": "admin.logentry", "pk": 120, "fields": {"action_time": "2022-12-12T02:45:56.337Z", "user": 1, "content_type": 8, "object_id": "3", "object_repr": "hoodie dù game", "action_flag": 2, "change_message": "[{\"changed\": {\"fields\": [\"Product image\", \"Description\"]}}]"}}, {"model": "admin.logentry", "pk": 121, "fields": {"action_time": "2022-12-12T03:26:43.166Z", "user": 1, "content_type": 13, "object_id": "8", "object_repr": "màu hồng", "action_flag": 2, "change_message": "[{\"changed\": {\"fields\": [\"Slug\"]}}]"}}, {"model": "admin.logentry", "pk": 122, "fields": {"action_time": "2022-12-12T03:27:17.545Z", "user": 1, "content_type": 13, "object_id": "8", "object_repr": "màu hồng", "action_flag": 2, "change_message": "[{\"changed\": {\"fields\": [\"Slug\"]}}]"}}, {"model": "admin.logentry", "pk": 123, "fields": {"action_time": "2022-12-12T03:27:58.656Z", "user": 1, "content_type": 13, "object_id": "8", "object_repr": "màu hồng", "action_flag": 2, "change_message": "[{\"changed\": {\"fields\": [\"Slug\"]}}]"}}, {"model": "admin.logentry", "pk": 124, "fields": {"action_time": "2022-12-12T03:28:16.798Z", "user": 1, "content_type": 13, "object_id": "8", "object_repr": "màu hồng", "action_flag": 2, "change_message": "[{\"changed\": {\"fields\": [\"Slug\"]}}]"}}, {"model": "admin.logentry", "pk": 125, "fields": {"action_time": "2022-12-12T03:30:23.690Z", "user": 1, "content_type": 13, "object_id": "8", "object_repr": "màu hồng", "action_flag": 2, "change_message": "[{\"changed\": {\"fields\": [\"Slug\"]}}]"}}, {"model": "admin.logentry", "pk": 126, "fields": {"action_time": "2022-12-12T03:30:33.025Z", "user": 1, "content_type": 13, "object_id": "7", "object_repr": "màu tím", "action_flag": 2, "change_message": "[{\"changed\": {\"fields\": [\"Slug\"]}}]"}}, {"model": "admin.logentry", "pk": 127, "fields": {"action_time": "2022-12-12T03:30:40.323Z", "user": 1, "content_type": 13, "object_id": "6", "object_repr": "vàng", "action_flag": 2, "change_message": "[{\"changed\": {\"fields\": [\"Slug\"]}}]"}}, {"model": "admin.logentry", "pk": 128, "fields": {"action_time": "2022-12-12T03:30:47.041Z", "user": 1, "content_type": 13, "object_id": "5", "object_repr": "trắng", "action_flag": 2, "change_message": "[{\"changed\": {\"fields\": [\"Slug\"]}}]"}}, {"model": "admin.logentry", "pk": 129, "fields": {"action_time": "2022-12-12T03:30:53.298Z", "user": 1, "content_type": 13, "object_id": "4", "object_repr": "xanh lá cây", "action_flag": 2, "change_message": "[{\"changed\": {\"fields\": [\"Slug\"]}}]"}}, {"model": "admin.logentry", "pk": 130, "fields": {"action_time": "2022-12-12T03:30:59.082Z", "user": 1, "content_type": 13, "object_id": "3", "object_repr": "đỏ", "action_flag": 2, "change_message": "[{\"changed\": {\"fields\": [\"Slug\"]}}]"}}, {"model": "admin.logentry", "pk": 131, "fields": {"action_time": "2022-12-12T03:31:04.549Z", "user": 1, "content_type": 13, "object_id": "2", "object_repr": "xanh da trời", "action_flag": 2, "change_message": "[{\"changed\": {\"fields\": [\"Slug\"]}}]"}}, {"model": "admin.logentry", "pk": 132, "fields": {"action_time": "2022-12-12T03:31:11.048Z", "user": 1, "content_type": 13, "object_id": "1", "object_repr": "đen", "action_flag": 2, "change_message": "[{\"changed\": {\"fields\": [\"Slug\"]}}]"}}, {"model": "admin.logentry", "pk": 133, "fields": {"action_time": "2022-12-12T15:22:15.615Z", "user": 1, "content_type": 8, "object_id": "5", "object_repr": "sweater dù học sinh", "action_flag": 2, "change_message": "[{\"changed\": {\"fields\": [\"Product image\"]}}]"}}, {"model": "admin.logentry", "pk": 134, "fields": {"action_time": "2022-12-12T15:22:53.583Z", "user": 1, "content_type": 8, "object_id": "1", "object_repr": "hoodie dù lính", "action_flag": 2, "change_message": "[{\"changed\": {\"fields\": [\"Product image\"]}}]"}}, {"model": "admin.logentry", "pk": 135, "fields": {"action_time": "2022-12-12T15:23:14.952Z", "user": 1, "content_type": 8, "object_id": "4", "object_repr": "sweater dù lính mũ", "action_flag": 2, "change_message": "[{\"changed\": {\"fields\": [\"Product image\", \"Description\"]}}]"}}, {"model": "admin.logentry", "pk": 136, "fields": {"action_time": "2022-12-12T15:24:35.629Z", "user": 1, "content_type": 8, "object_id": "2", "object_repr": "hoodie trend", "action_flag": 2, "change_message": "[{\"changed\": {\"fields\": [\"Product image\"]}}]"}}, {"model": "admin.logentry", "pk": 137, "fields": {"action_time": "2022-12-12T15:24:48.587Z", "user": 1, "content_type": 8, "object_id": "7", "object_repr": "demi lót lông", "action_flag": 2, "change_message": "[{\"changed\": {\"fields\": [\"Product image\"]}}]"}}, {"model": "admin.logentry", "pk": 138, "fields": {"action_time": "2022-12-12T15:24:57.562Z", "user": 1, "content_type": 8, "object_id": "9", "object_repr": "demi kaki", "action_flag": 2, "change_message": "[{\"changed\": {\"fields\": [\"Product image\"]}}]"}}, {"model": "admin.logentry", "pk": 139, "fields": {"action_time": "2022-12-12T15:25:08.002Z", "user": 1, "content_type": 8, "object_id": "8", "object_repr": "demi kaki bomber", "action_flag": 2, "change_message": "[{\"changed\": {\"fields\": [\"Product image\"]}}]"}}, {"model": "admin.logentry", "pk": 140, "fields": {"action_time": "2022-12-12T15:25:20.698Z", "user": 1, "content_type": 8, "object_id": "6", "object_repr": "sweater khoác dù", "action_flag": 2, "change_message": "[{\"changed\": {\"fields\": [\"Product image\"]}}]"}}, {"model": "admin.logentry", "pk": 141, "fields": {"action_time": "2022-12-12T15:25:43.575Z", "user": 1, "content_type": 8, "object_id": "10", "object_repr": "hot trend 2022", "action_flag": 2, "change_message": "[{\"changed\": {\"fields\": [\"Product image\"]}}]"}}, {"model": "admin.logentry", "pk": 142, "fields": {"action_time": "2022-12-12T15:25:54.702Z", "user": 1, "content_type": 8, "object_id": "3", "object_repr": "hoodie dù game", "action_flag": 2, "change_message": "[{\"changed\": {\"fields\": [\"Product image\"]}}]"}}, {"model": "admin.logentry", "pk": 143, "fields": {"action_time": "2022-12-12T15:26:50.926Z", "user": 1, "content_type": 10, "object_id": "3", "object_repr": "5 mẹo giúp phái mạnh diện đồ đơn giản nhưng sang", "action_flag": 2, "change_message": "[{\"changed\": {\"fields\": [\"Blog image\"]}}]"}}, {"model": "admin.logentry", "pk": 144, "fields": {"action_time": "2022-12-12T15:27:03.586Z", "user": 1, "content_type": 10, "object_id": "2", "object_repr": "Những món đồ đàn ông nên có cho mùa thu", "action_flag": 2, "change_message": "[{\"changed\": {\"fields\": [\"Blog image\"]}}]"}}, {"model": "admin.logentry", "pk": 145, "fields": {"action_time": "2022-12-12T15:27:09.760Z", "user": 1, "content_type": 10, "object_id": "1", "object_repr": "Bất ngờ với loại trang phục anh em hễ mặc là phái đẹp mê đắm", "action_flag": 2, "change_message": "[{\"changed\": {\"fields\": [\"Blog image\"]}}]"}}, {"model": "auth.permission", "pk": 1, "fields": {"name": "Can add log entry", "content_type": 1, "codename": "add_logentry"}}, {"model": "auth.permission", "pk": 2, "fields": {"name": "Can change log entry", "content_type": 1, "codename": "change_logentry"}}, {"model": "auth.permission", "pk": 3, "fields": {"name": "Can delete log entry", "content_type": 1, "codename": "delete_logentry"}}, {"model": "auth.permission", "pk": 4, "fields": {"name": "Can view log entry", "content_type": 1, "codename": "view_logentry"}}, {"model": "auth.permission", "pk": 5, "fields": {"name": "Can add permission", "content_type": 2, "codename": "add_permission"}}, {"model": "auth.permission", "pk": 6, "fields": {"name": "Can change permission", "content_type": 2, "codename": "change_permission"}}, {"model": "auth.permission", "pk": 7, "fields": {"name": "Can delete permission", "content_type": 2, "codename": "delete_permission"}}, {"model": "auth.permission", "pk": 8, "fields": {"name": "Can view permission", "content_type": 2, "codename": "view_permission"}}, {"model": "auth.permission", "pk": 9, "fields": {"name": "Can add group", "content_type": 3, "codename": "add_group"}}, {"model": "auth.permission", "pk": 10, "fields": {"name": "Can change group", "content_type": 3, "codename": "change_group"}}, {"model": "auth.permission", "pk": 11, "fields": {"name": "Can delete group", "content_type": 3, "codename": "delete_group"}}, {"model": "auth.permission", "pk": 12, "fields": {"name": "Can view group", "content_type": 3, "codename": "view_group"}}, {"model": "auth.permission", "pk": 13, "fields": {"name": "Can add user", "content_type": 4, "codename": "add_user"}}, {"model": "auth.permission", "pk": 14, "fields": {"name": "Can change user", "content_type": 4, "codename": "change_user"}}, {"model": "auth.permission", "pk": 15, "fields": {"name": "Can delete user", "content_type": 4, "codename": "delete_user"}}, {"model": "auth.permission", "pk": 16, "fields": {"name": "Can view user", "content_type": 4, "codename": "view_user"}}, {"model": "auth.permission", "pk": 17, "fields": {"name": "Can add content type", "content_type": 5, "codename": "add_contenttype"}}, {"model": "auth.permission", "pk": 18, "fields": {"name": "Can change content type", "content_type": 5, "codename": "change_contenttype"}}, {"model": "auth.permission", "pk": 19, "fields": {"name": "Can delete content type", "content_type": 5, "codename": "delete_contenttype"}}, {"model": "auth.permission", "pk": 20, "fields": {"name": "Can view content type", "content_type": 5, "codename": "view_contenttype"}}, {"model": "auth.permission", "pk": 21, "fields": {"name": "Can add session", "content_type": 6, "codename": "add_session"}}, {"model": "auth.permission", "pk": 22, "fields": {"name": "Can change session", "content_type": 6, "codename": "change_session"}}, {"model": "auth.permission", "pk": 23, "fields": {"name": "Can delete session", "content_type": 6, "codename": "delete_session"}}, {"model": "auth.permission", "pk": 24, "fields": {"name": "Can view session", "content_type": 6, "codename": "view_session"}}, {"model": "auth.permission", "pk": 25, "fields": {"name": "Can add categories", "content_type": 7, "codename": "add_categories"}}, {"model": "auth.permission", "pk": 26, "fields": {"name": "Can change categories", "content_type": 7, "codename": "change_categories"}}, {"model": "auth.permission", "pk": 27, "fields": {"name": "Can delete categories", "content_type": 7, "codename": "delete_categories"}}, {"model": "auth.permission", "pk": 28, "fields": {"name": "Can view categories", "content_type": 7, "codename": "view_categories"}}, {"model": "auth.permission", "pk": 29, "fields": {"name": "Can add products", "content_type": 8, "codename": "add_products"}}, {"model": "auth.permission", "pk": 30, "fields": {"name": "Can change products", "content_type": 8, "codename": "change_products"}}, {"model": "auth.permission", "pk": 31, "fields": {"name": "Can delete products", "content_type": 8, "codename": "delete_products"}}, {"model": "auth.permission", "pk": 32, "fields": {"name": "Can view products", "content_type": 8, "codename": "view_products"}}, {"model": "auth.permission", "pk": 33, "fields": {"name": "Can add promotion", "content_type": 9, "codename": "add_promotion"}}, {"model": "auth.permission", "pk": 34, "fields": {"name": "Can change promotion", "content_type": 9, "codename": "change_promotion"}}, {"model": "auth.permission", "pk": 35, "fields": {"name": "Can delete promotion", "content_type": 9, "codename": "delete_promotion"}}, {"model": "auth.permission", "pk": 36, "fields": {"name": "Can view promotion", "content_type": 9, "codename": "view_promotion"}}, {"model": "auth.permission", "pk": 37, "fields": {"name": "Can add blogs", "content_type": 10, "codename": "add_blogs"}}, {"model": "auth.permission", "pk": 38, "fields": {"name": "Can change blogs", "content_type": 10, "codename": "change_blogs"}}, {"model": "auth.permission", "pk": 39, "fields": {"name": "Can delete blogs", "content_type": 10, "codename": "delete_blogs"}}, {"model": "auth.permission", "pk": 40, "fields": {"name": "Can view blogs", "content_type": 10, "codename": "view_blogs"}}, {"model": "auth.permission", "pk": 41, "fields": {"name": "Can add colect filter price", "content_type": 11, "codename": "add_colectfilterprice"}}, {"model": "auth.permission", "pk": 42, "fields": {"name": "Can change colect filter price", "content_type": 11, "codename": "change_colectfilterprice"}}, {"model": "auth.permission", "pk": 43, "fields": {"name": "Can delete colect filter price", "content_type": 11, "codename": "delete_colectfilterprice"}}, {"model": "auth.permission", "pk": 44, "fields": {"name": "Can view colect filter price", "content_type": 11, "codename": "view_colectfilterprice"}}, {"model": "auth.permission", "pk": 45, "fields": {"name": "Can add collect size", "content_type": 12, "codename": "add_collectsize"}}, {"model": "auth.permission", "pk": 46, "fields": {"name": "Can change collect size", "content_type": 12, "codename": "change_collectsize"}}, {"model": "auth.permission", "pk": 47, "fields": {"name": "Can delete collect size", "content_type": 12, "codename": "delete_collectsize"}}, {"model": "auth.permission", "pk": 48, "fields": {"name": "Can view collect size", "content_type": 12, "codename": "view_collectsize"}}, {"model": "auth.permission", "pk": 49, "fields": {"name": "Can add color", "content_type": 13, "codename": "add_color"}}, {"model": "auth.permission", "pk": 50, "fields": {"name": "Can change color", "content_type": 13, "codename": "change_color"}}, {"model": "auth.permission", "pk": 51, "fields": {"name": "Can delete color", "content_type": 13, "codename": "delete_color"}}, {"model": "auth.permission", "pk": 52, "fields": {"name": "Can view color", "content_type": 13, "codename": "view_color"}}, {"model": "auth.permission", "pk": 53, "fields": {"name": "Can add product type", "content_type": 14, "codename": "add_producttype"}}, {"model": "auth.permission", "pk": 54, "fields": {"name": "Can change product type", "content_type": 14, "codename": "change_producttype"}}, {"model": "auth.permission", "pk": 55, "fields": {"name": "Can delete product type", "content_type": 14, "codename": "delete_producttype"}}, {"model": "auth.permission", "pk": 56, "fields": {"name": "Can view product type", "content_type": 14, "codename": "view_producttype"}}, {"model": "auth.permission", "pk": 57, "fields": {"name": "Can add profile", "content_type": 15, "codename": "add_profile"}}, {"model": "auth.permission", "pk": 58, "fields": {"name": "Can change profile", "content_type": 15, "codename": "change_profile"}}, {"model": "auth.permission", "pk": 59, "fields": {"name": "Can delete profile", "content_type": 15, "codename": "delete_profile"}}, {"model": "auth.permission", "pk": 60, "fields": {"name": "Can view profile", "content_type": 15, "codename": "view_profile"}}, {"model": "auth.permission", "pk": 61, "fields": {"name": "Can add order", "content_type": 16, "codename": "add_order"}}, {"model": "auth.permission", "pk": 62, "fields": {"name": "Can change order", "content_type": 16, "codename": "change_order"}}, {"model": "auth.permission", "pk": 63, "fields": {"name": "Can delete order", "content_type": 16, "codename": "delete_order"}}, {"model": "auth.permission", "pk": 64, "fields": {"name": "Can view order", "content_type": 16, "codename": "view_order"}}, {"model": "auth.permission", "pk": 65, "fields": {"name": "Can add order item", "content_type": 17, "codename": "add_orderitem"}}, {"model": "auth.permission", "pk": 66, "fields": {"name": "Can change order item", "content_type": 17, "codename": "change_orderitem"}}, {"model": "auth.permission", "pk": 67, "fields": {"name": "Can delete order item", "content_type": 17, "codename": "delete_orderitem"}}, {"model": "auth.permission", "pk": 68, "fields": {"name": "Can view order item", "content_type": 17, "codename": "view_orderitem"}}, {"model": "auth.permission", "pk": 69, "fields": {"name": "Can add product image", "content_type": 18, "codename": "add_productimage"}}, {"model": "auth.permission", "pk": 70, "fields": {"name": "Can change product image", "content_type": 18, "codename": "change_productimage"}}, {"model": "auth.permission", "pk": 71, "fields": {"name": "Can delete product image", "content_type": 18, "codename": "delete_productimage"}}, {"model": "auth.permission", "pk": 72, "fields": {"name": "Can view product image", "content_type": 18, "codename": "view_productimage"}}, {"model": "auth.permission", "pk": 73, "fields": {"name": "Can add kv store", "content_type": 19, "codename": "add_kvstore"}}, {"model": "auth.permission", "pk": 74, "fields": {"name": "Can change kv store", "content_type": 19, "codename": "change_kvstore"}}, {"model": "auth.permission", "pk": 75, "fields": {"name": "Can delete kv store", "content_type": 19, "codename": "delete_kvstore"}}, {"model": "auth.permission", "pk": 76, "fields": {"name": "Can view kv store", "content_type": 19, "codename": "view_kvstore"}}, {"model": "auth.permission", "pk": 77, "fields": {"name": "Can add discount", "content_type": 20, "codename": "add_discount"}}, {"model": "auth.permission", "pk": 78, "fields": {"name": "Can change discount", "content_type": 20, "codename": "change_discount"}}, {"model": "auth.permission", "pk": 79, "fields": {"name": "Can delete discount", "content_type": 20, "codename": "delete_discount"}}, {"model": "auth.permission", "pk": 80, "fields": {"name": "Can view discount", "content_type": 20, "codename": "view_discount"}}, {"model": "auth.permission", "pk": 81, "fields": {"name": "Can add coupon", "content_type": 21, "codename": "add_coupon"}}, {"model": "auth.permission", "pk": 82, "fields": {"name": "Can change coupon", "content_type": 21, "codename": "change_coupon"}}, {"model": "auth.permission", "pk": 83, "fields": {"name": "Can delete coupon", "content_type": 21, "codename": "delete_coupon"}}, {"model": "auth.permission", "pk": 84, "fields": {"name": "Can view coupon", "content_type": 21, "codename": "view_coupon"}}, {"model": "auth.permission", "pk": 85, "fields": {"name": "Can add blog", "content_type": 22, "codename": "add_blog"}}, {"model": "auth.permission", "pk": 86, "fields": {"name": "Can change blog", "content_type": 22, "codename": "change_blog"}}, {"model": "auth.permission", "pk": 87, "fields": {"name": "Can delete blog", "content_type": 22, "codename": "delete_blog"}}, {"model": "auth.permission", "pk": 88, "fields": {"name": "Can view blog", "content_type": 22, "codename": "view_blog"}}, {"model": "auth.permission", "pk": 89, "fields": {"name": "Can add views", "content_type": 23, "codename": "add_views"}}, {"model": "auth.permission", "pk": 90, "fields": {"name": "Can change views", "content_type": 23, "codename": "change_views"}}, {"model": "auth.permission", "pk": 91, "fields": {"name": "Can delete views", "content_type": 23, "codename": "delete_views"}}, {"model": "auth.permission", "pk": 92, "fields": {"name": "Can view views", "content_type": 23, "codename": "view_views"}}, {"model": "auth.user", "pk": 1, "fields": {"password": "pbkdf2_sha256$260000$yciogdvVxWDaQY8cehmJxZ$3m33lmo8hZGwUdqVds3HUy+BWxXl+jNR9PL4qTLthZk=", "last_login": "2022-12-12T15:20:31.403Z", "is_superuser": true, "username": "tuan", "first_name": "", "last_name": "", "email": "", "is_staff": true, "is_active": true, "date_joined": "2022-11-02T04:47:24.297Z", "groups": [], "user_permissions": []}}, {"model": "contenttypes.contenttype", "pk": 1, "fields": {"app_label": "admin", "model": "logentry"}}, {"model": "contenttypes.contenttype", "pk": 2, "fields": {"app_label": "auth", "model": "permission"}}, {"model": "contenttypes.contenttype", "pk": 3, "fields": {"app_label": "auth", "model": "group"}}, {"model": "contenttypes.contenttype", "pk": 4, "fields": {"app_label": "auth", "model": "user"}}, {"model": "contenttypes.contenttype", "pk": 5, "fields": {"app_label": "contenttypes", "model": "contenttype"}}, {"model": "contenttypes.contenttype", "pk": 6, "fields": {"app_label": "sessions", "model": "session"}}, {"model": "contenttypes.contenttype", "pk": 7, "fields": {"app_label": "app", "model": "categories"}}, {"model": "contenttypes.contenttype", "pk": 8, "fields": {"app_label": "app", "model": "products"}}, {"model": "contenttypes.contenttype", "pk": 9, "fields": {"app_label": "app", "model": "promotion"}}, {"model": "contenttypes.contenttype", "pk": 10, "fields": {"app_label": "app", "model": "blogs"}}, {"model": "contenttypes.contenttype", "pk": 11, "fields": {"app_label": "app", "model": "colectfilterprice"}}, {"model": "contenttypes.contenttype", "pk": 12, "fields": {"app_label": "app", "model": "collectsize"}}, {"model": "contenttypes.contenttype", "pk": 13, "fields": {"app_label": "app", "model": "color"}}, {"model": "contenttypes.contenttype", "pk": 14, "fields": {"app_label": "app", "model": "producttype"}}, {"model": "contenttypes.contenttype", "pk": 15, "fields": {"app_label": "app", "model": "profile"}}, {"model": "contenttypes.contenttype", "pk": 16, "fields": {"app_label": "app", "model": "order"}}, {"model": "contenttypes.contenttype", "pk": 17, "fields": {"app_label": "app", "model": "orderitem"}}, {"model": "contenttypes.contenttype", "pk": 18, "fields": {"app_label": "app", "model": "productimage"}}, {"model": "contenttypes.contenttype", "pk": 19, "fields": {"app_label": "thumbnail", "model": "kvstore"}}, {"model": "contenttypes.contenttype", "pk": 20, "fields": {"app_label": "app", "model": "discount"}}, {"model": "contenttypes.contenttype", "pk": 21, "fields": {"app_label": "app", "model": "coupon"}}, {"model": "contenttypes.contenttype", "pk": 22, "fields": {"app_label": "blog", "model": "blog"}}, {"model": "contenttypes.contenttype", "pk": 23, "fields": {"app_label": "app", "model": "views"}}, {"model": "sessions.session", "pk": "0vl1z42jc7w7jbp5fxwvf25f4hw0i5z8", "fields": {"session_data": ".eJxVjDkOwjAUBe_iGlle5MSmpOcM1t-MA8iR4qRC3B0ipYD2zcx7qQzbWvPWZckTq7Oy6vS7IdBD2g74Du02a5rbukyod0UftOvrzPK8HO7fQYVev7UjBCiDiSQDinOBRxcs-sCRmcUkKOCSLyZZMJJscoDkIwXvC4wi6v0BCjE44w:1p4kXi:b-bB0Jp43cnmgq6okrO7O8fIc92D3Qv2a0HS8UC3yYo", "expire_date": "2022-12-26T15:16:34.318Z"}}, {"model": "sessions.session", "pk": "104kktfiw3peseiuzu0kwdn32beg96v7", "fields": {"session_data": ".eJxVjMsOwiAQRf-FtSHA8HTp3m8gDAxSNTQp7cr479qkC93ec859sZi2tcVt0BKnws5MstPvhik_qO-g3FO_zTzPfV0m5LvCDzr4dS70vBzu30FLo31r4YrTJinvhLJBEwCEShWt8oDGgU3GCxmIpPZYXUBvQ_VWo3VGZKjs_QG1XDbb:1p4kbX:Szb-QAZC7WLoBoru_N4AZSUgxRKqe2b6wn_XVs_tQbM", "expire_date": "2022-12-26T15:20:31.406Z"}}, {"model": "sessions.session", "pk": "b4ilq6a4f3fkxln9zun4lp3edwscdicg", "fields": {"session_data": ".eJxVjMsOwiAQRf-FtSHA8HTp3m8gDAxSNTQp7cr479qkC93ec859sZi2tcVt0BKnws5MstPvhik_qO-g3FO_zTzPfV0m5LvCDzr4dS70vBzu30FLo31r4YrTJinvhLJBEwCEShWt8oDGgU3GCxmIpPZYXUBvQ_VWo3VGZKjs_QG1XDbb:1p0cKA:pkgxUFVirUtw0tVStf_InL2pSflTAPvxxIwCxsmgSYg", "expire_date": "2022-12-15T05:41:30.298Z"}}, {"model": "sessions.session", "pk": "o25nv58srebrd4pnlvbxlb6ngcklrynp", "fields": {"session_data": ".eJxVjMsOwiAQRf-FtSHA8HTp3m8gDAxSNTQp7cr479qkC93ec859sZi2tcVt0BKnws5MstPvhik_qO-g3FO_zTzPfV0m5LvCDzr4dS70vBzu30FLo31r4YrTJinvhLJBEwCEShWt8oDGgU3GCxmIpPZYXUBvQ_VWo3VGZKjs_QG1XDbb:1ovDtU:4SO0R1GwMROnmdYuXg59ZNA7ZgXQVMya6hc4fDRy7oI", "expire_date": "2022-11-30T08:35:40.646Z"}}, {"model": "sessions.session", "pk": "oru5yovp3p8yotacewqou1uhrhumx30u", "fields": {"session_data": ".eJxVjMsOwiAQRf-FtSHA8HTp3m8gDAxSNTQp7cr479qkC93ec859sZi2tcVt0BKnws5MstPvhik_qO-g3FO_zTzPfV0m5LvCDzr4dS70vBzu30FLo31r4YrTJinvhLJBEwCEShWt8oDGgU3GCxmIpPZYXUBvQ_VWo3VGZKjs_QG1XDbb:1p4elb:Wza5MtUCjkmnWpq7IkTpVHoV5YOdGY7K4IMtn9UTjJ0", "expire_date": "2022-12-26T09:06:31.568Z"}}, {"model": "sessions.session", "pk": "vsb4ajufskz7b1vkp71cfuj9h730iuul", "fields": {"session_data": ".eJxVjMsOwiAQRf-FtSHA8HTp3m8gDAxSNTQp7cr479qkC93ec859sZi2tcVt0BKnws5MstPvhik_qO-g3FO_zTzPfV0m5LvCDzr4dS70vBzu30FLo31r4YrTJinvhLJBEwCEShWt8oDGgU3GCxmIpPZYXUBvQ_VWo3VGZKjs_QG1XDbb:1oq5f5:6F4ET5n_CpSBZ4mB5SeFy5t5v540fN7EcpjtSoopZRQ", "expire_date": "2022-11-16T04:47:35.454Z"}}, {"model": "sessions.session", "pk": "yiaznp490g3ows2a1r7ehsl53bke6xir", "fields": {"session_data": ".eJxVjDkOwjAUBe_iGlle5MSmpOcM1t-MA8iR4qRC3B0ipYD2zcx7qQzbWvPWZckTq7Oy6vS7IdBD2g74Du02a5rbukyod0UftOvrzPK8HO7fQYVev7UjBCiDiSQDinOBRxcs-sCRmcUkKOCSLyZZMJJscoDkIwXvC4wi6v0BCjE44w:1p4egm:FjVw9Q1rq5wWCx428vcbsJtyG1_zcoEokI6rMMXdsTY", "expire_date": "2022-12-26T09:01:32.085Z"}}, {"model": "app.categories", "pk": 1, "fields": {"title": "áo khoác hoodie", "slug": "ao-khoac-hoodie", "image": "image/2022-11-02/xbanner-1_2IkDu3M.jpg", "create": "2022-11-02T04:47:55.206Z", "update": "2022-11-02T04:47:55.206Z"}}, {"model": "app.categories", "pk": 2, "fields": {"title": "áo khoác sweater", "slug": "ao-khoac-sweater", "image": "image/2022-11-02/xbanner-2_LOeeogQ.jpg", "create": "2022-11-02T04:48:09.412Z", "update": "2022-11-02T04:48:09.412Z"}}, {"model": "app.categories", "pk": 3, "fields": {"title": "áo khoác demi 2022", "slug": "ao-khoac-demi-2022", "image": "image/2022-11-02/xbanner-3_Ji26asA.jpg", "create": "2022-11-02T04:48:18.438Z", "update": "2022-11-02T05:58:27.592Z"}}, {"model": "app.discount", "pk": 1, "fields": {"name": "nhà giáo viet nam", "valid_from": "2022-11-10T03:23:09Z", "valid_to": "2022-11-30T03:23:16Z", "rate": 10, "active": true, "create": "2022-11-27T08:48:03.490Z", "update": "2022-11-27T08:48:03.497Z"}}, {"model": "app.discount", "pk": 2, "fields": {"name": "Ngày hội noel", "valid_from": "2022-11-25T03:24:08Z", "valid_to": "2022-12-25T03:24:16Z", "rate": 5, "active": true, "create": "2022-11-27T08:48:03.490Z", "update": "2022-11-27T08:48:03.497Z"}}, {"model": "app.coupon", "pk": 1, "fields": {"code": "NOEL", "valid_from": "2022-11-27T08:50:07Z", "valid_to": "2022-12-31T08:50:13Z", "value": 50000, "active": true, "create": "2022-11-27T08:50:22Z", "update": "2022-12-10T15:35:35.897Z"}}, {"model": "app.coupon", "pk": 2, "fields": {"code": "DONTET", "valid_from": "2022-11-27T08:50:33Z", "valid_to": "2022-11-30T08:50:35Z", "value": 100000, "active": true, "create": "2022-11-27T08:50:42.185Z", "update": "2022-11-27T08:50:42.186Z"}}, {"model": "app.products", "pk": 1, "fields": {"product_name": "hoodie dù lính", "product_slug": "hoodie-du-linh", "product_image": "image/product/2022-12-12/du-ling-tranparent.png", "product_price": "289000", "short_description": "", "description": "", "is_free_ship": false, "sold": 1, "discount": 1, "categories": 1, "create": "2022-11-02T07:40:17.667Z", "update": "2022-12-12T15:22:53.581Z"}}, {"model": "app.products", "pk": 2, "fields": {"product_name": "hoodie trend", "product_slug": "hoodie-trend", "product_image": "image/product/2022-12-12/hoodie.jpg", "product_price": "199000", "short_description": "", "description": "", "is_free_ship": false, "sold": 0, "discount": 2, "categories": 1, "create": "2022-11-02T07:41:20.997Z", "update": "2022-12-12T15:24:35.628Z"}}, {"model": "app.products", "pk": 3, "fields": {"product_name": "hoodie dù game", "product_slug": "hoodie-du-game", "product_image": "image/product/2022-12-12/logan-weaver-lgnwvr-ct4tHsvMQAc-unsplash.jpg", "product_price": "289000", "short_description": "Sẵn Áo khoác nam da lộn, lót lông cừu bên trong ấm á", "description": "<p>[OMIEE AKL01] &Aacute;o kho&aacute;c nam da lộn, l&oacute;t l&ocirc;ng cừu b&ecirc;n trong ấm &aacute;p M&ugrave;a đ&ocirc;ng c&oacute; một em &aacute;o kho&aacute;c như vậy qu&aacute; hời. M&atilde; sản phẩm: AKL01 M&agrave;u sắc: Đen / N&acirc;u / X&aacute;m Size(CM): vai-ngực-tay-d&agrave;i S :53 - 112 - 55 - 72 M : 53 - 120 - 55 - 73 L : 53 - 122 - 56 - 74 XL : 55 - 124 - 56 - 76 2XL: 55 - 126 - 58 - 77 - - - - - - - - - - - - - &mdash; - - &mdash; - &mdash; - - &mdash; - - - - - - ⭕H&agrave;ng order 10-15 ng&agrave;y tuỳ bi&ecirc;n mong qu&yacute; kh&aacute;ch suy nghĩ kỹ trước khi đặt h&agrave;ng ạ. ⭕️Nhận ord, t&igrave;m h&agrave;ng theo ảnh #aokhoac #dalon #longcuu #khoacnam #order #taobao #khoacnam.</p>", "is_free_ship": false, "sold": 0, "discount": null, "categories": 1, "create": "2022-11-02T07:41:47.097Z", "update": "2022-12-12T15:25:54.700Z"}}, {"model": "app.products", "pk": 4, "fields": {"product_name": "sweater dù lính mũ", "product_slug": "sweater-du-linh-mu", "product_image": "image/product/2022-12-12/du-linh-mu.jpg", "product_price": "299000", "short_description": "Áo khoác da lộn nam,màu basic dễ mix match", "description": "<p>SI&Ecirc;U PHẨM KHO&Aacute;C DA LỘN 🤩🤩 gi&aacute; đang ưu đ&atilde;i, a.e sắm kh&ocirc;ng hết nh&eacute;!! -------------------------- ☘️ Chất liệu ngo&agrave;i vải da lộn d&agrave;y dặn-trong vải d&ugrave; lụa mềm mịn. ☘️Thiết kế &aacute;o đơn giản gồm 2 t&uacute;i bo tr&ograve;n ngo&agrave;i tạo điểm nhấn v&agrave; 1 t&uacute;i trong. ☘️ Form su&ocirc;ng c&acirc;n đối với gam m&agrave;u basic cực dễ phối đồ, ae diện mặc đi đ&acirc;u cũng nổi bật lắm đ&oacute; nha 🙆🏻&zwj;♀️ ----------------------------- Đ/c Shop : 44 Nguyễn Thị Định-P.An Ph&uacute;-Quận 2 - TP.HCM (TP.Thủ Đức mới) -HOTLINE: 0945960300-0974239495</p>", "is_free_ship": false, "sold": 1, "discount": null, "categories": 2, "create": "2022-11-02T07:43:35.970Z", "update": "2022-12-12T15:23:14.950Z"}}, {"model": "app.products", "pk": 5, "fields": {"product_name": "sweater dù học sinh", "product_slug": "sweater-du-hoc-sinh", "product_image": "image/product/2022-12-12/du-hs.jpg", "product_price": "169000", "short_description": "ÁO KHOÁC KAKI NAM TÚI VUÔNG - DRAGON.UN (hàng có sẵn)", "description": "<p>Xin ch&agrave;o! Ch&agrave;o mừng bạn đ&atilde; đến với Dragon.un! C&aacute;c bạn đọc kỹ m&ocirc; tả sản phẩm trước khi mua h&agrave;ng nha! T&ecirc;n sản phẩm: &Aacute;o kho&aacute;c kaki nam t&uacute;i vu&ocirc;ng Chất liệu: Vải kaki Size: Tham khảo bảng size của shop n&egrave;~ Size M: Cao 1m6-1m7 - Nặng 50kg-58kg Size L: Cao 1m7-1m75 - Nặng 58kg-68kg Size XL: Cao 1m75-1m78 - Nặng 68kg-78kg Size XXL: Cao 1m8 trở l&ecirc;n - Nặng 78kg-88kg Ph&acirc;n loại h&agrave;ng: Xem bảng ph&acirc;n loại tr&ecirc;n Shopee Ph&acirc;n loại m&agrave;u: Xem bảng ph&acirc;n loại tr&ecirc;n Shopee Gi&aacute; b&aacute;n lẻ: Gi&aacute; hiển thị tr&ecirc;n Shopee (gi&aacute; đ&atilde; bao gồm thuế ph&iacute;) . Kh&aacute;ch h&agrave;ng lưu &yacute; kiểm tra kỹ trước khi đặt h&agrave;ng v&agrave; sau khi nhận h&agrave;ng. Dragon.un cho ph&eacute;p kiểm tra v&agrave; mặc thử trước khi nhận h&agrave;ng, chấp nhận đổi trả trong v&ograve;ng 7 ng&agrave;y nếu h&agrave;ng lỗi hoặc kh&aacute;ch mặc kh&ocirc;ng vừa với điều kiện h&agrave;ng vẫn nguy&ecirc;n vẹn tem v&agrave; nh&atilde;n m&aacute;c, kh&ocirc;ng nhận đổi trả do kh&aacute;ch l&agrave;m hỏng hoặc h&agrave;ng bị mất, hỏng tem nh&atilde;n. Địa chỉ shop: Dragon.un - Đ/c Shop : 44 Nguyễn Thị Định-P.An Ph&uacute;-Quận 2 - TP.HCM (TP.Thủ Đức mới) -HOTLINE: 0945960300-0974239495 #Dragon.un</p>", "is_free_ship": true, "sold": 0, "discount": null, "categories": 2, "create": "2022-11-02T07:43:56.691Z", "update": "2022-12-12T15:22:15.614Z"}}, {"model": "app.products", "pk": 6, "fields": {"product_name": "sweater khoác dù", "product_slug": "sweater-khoac-du", "product_image": "image/product/2022-12-12/khoac-du-sport.jpg", "product_price": "199000", "short_description": "Áo khoác kaki nam nữ IN CHỮ HÀN 4 màu Y HÌNH (ko giống hình hoàn tiền)", "description": "<p>TH&Ocirc;NG TIN SẢN PHẨM &Aacute;o kho&aacute;c kaki nam nữ y h&igrave;nh Chất liệu: vải kaki mềm mịn ko x&ugrave; l&ocirc;ng, kh&ocirc;ng ra m&agrave;u. M&agrave;u sắc: đen, hồng, trắng, x&aacute;m Đổi trả h&agrave;ng nếu k h&agrave;i l&ograve;ng Th&iacute;ch hợp mặc trong trong nh&agrave; , chơi thể thao vv..... H&agrave;ng b&ecirc;n shop em b&aacute;n l&agrave; loại 1 nh&eacute; kh&aacute;ch,n&ecirc;n đừng so s&aacute;nh gi&aacute; rẻ hơn 5-10k m&agrave; chất lượng k đẹp th&igrave; cũng vậy,đừng tiếc v&agrave;i đồng m&agrave; mua chiếc &aacute;o về m&igrave;nh thấy k h&agrave;i l&ograve;ng nh&eacute;. . Shop Bao gi&aacute; v&agrave; chất lượng. Uy t&iacute;n để l&ecirc;n h&agrave;ng đầu n&ecirc;n kh&aacute;ch y&ecirc;n t&acirc;m nh&eacute;! C&Aacute;CH CHỌN SIZE: chỉ mang t&iacute;nh chất tương đối v&igrave; c&ograve;n phụ thuộc chiều cao, KH n&ecirc;n nhắn tin shop tư vấn nh&eacute;.! ➡Size m : Từ 40_50kg ➡Size L : Từ 50_60kg ➡Size XL: Từ 65_75kg ➡HƯỚNG DẪN ĐẶT H&Agrave;NG - Bước 1 : Click sản phẩm chọn mua ngay ,chọn loại h&agrave;ng --) size . Cho sp v&agrave;o giỏ h&agrave;ng. - Bước 2 : v&agrave;o giỏ h&agrave;ng đặt h&agrave;ng. Điền th&ocirc;ng tin, địa chỉ ,sdt .... ho&agrave;n th&agrave;nh 4 bước cho tới khi ho&agrave;n th&agrave;nh 1 đơn h&agrave;ng. ➡ CAM KẾT TỪ SHOP - 100% H&igrave;nh ảnh l&agrave; chụp thật từ &aacute;o thật - Giao h&agrave;ng đ&uacute;ng mẫu m&atilde;, size m&agrave;u kh&aacute;ch đặt. - Tất cả sản phẩm giao h&agrave;ng trước khi thanh to&aacute;n - Khi Đổi size qu&yacute; kh&aacute;ch vui l&ograve;ng gửi h&agrave;ng qua bưu điện về địa chỉ shop k&egrave;m giấy ghi ch&uacute; đổi sang size m&agrave;u g&igrave; d&ugrave;m shop , shop sẽ xử l&yacute; sớm gi&uacute;p bạn. * Lưu &yacute;: chat với shop trước khi đặt h&agrave;ng để chọn size v&agrave; m&agrave;u cho ch&iacute;nh x&aacute;c v&agrave; dc hỗ trợ tốt nhất c&oacute; thể nh&eacute;. Hoặc li&ecirc;n hệ: 0359699021 &amp; 0963040234 CH&Uacute;C QU&Yacute; KH&Aacute;CH MUA SẮM VUI VẺ V&Agrave; HỢP T&Aacute;C L&Acirc;U D&Agrave;I C&Ugrave;NG SHOP NH&Eacute; !!! #aokhoac, #aokhoac2mat, #aokhoachaimat, #kho&aacute;c&aacute;o, #khoacao, #aokhoacdu, #aokhoacgiare, #khoackaki, #aokhoackaki, #aokhoacdu #&aacute;o_kho&aacute;c_nam #ao_khoac_nam #&aacute;o_kho&aacute;c_nữ #ao_kho&aacute;c_nu #&aacute;o_kho&aacute;c #ao_khoac #&aacute;o_khoac #&aacute;o_kho&aacute;c_jean_nam #&aacute;o_kho&aacute;c_nam_đẹp #&aacute;o_kho&aacute;c_d&ugrave; #ao_khoac_nam_dep #ao_khoac_d&ugrave; #&aacute;o_kho&aacute;c_adidas #&aacute;o_bomber #ao_khoac_adidas #ao_bombe #&aacute;o_kho&aacute;c_jean_nữ #ao_kho&aacute;c_jean_nu</p>", "is_free_ship": false, "sold": 0, "discount": null, "categories": 2, "create": "2022-11-02T07:45:08.617Z", "update": "2022-12-12T15:25:20.696Z"}}, {"model": "app.products", "pk": 7, "fields": {"product_name": "demi lót lông", "product_slug": "demi-lot-long", "product_image": "image/product/2022-12-12/lot-long.jpg", "product_price": "399000", "short_description": "Áo khoác nam STYLE MARVEN hoodies nỉ loang màu nhẹ khóa kéo - AO KHOAC NAM 001", "description": "<p>&Aacute;o kho&aacute;c nam mỏng thu đ&ocirc;ng <strong>STYLEMARVEN</strong> thiết kế mũ tr&ugrave;m in loang m&agrave;u</p>\r\n\r\n<p>- AO KHOAC NAM 001</p>\r\n\r\n<p>&nbsp;𝓣𝓱𝓸̂𝓷𝓰 𝓽𝓲𝓷 𝓼𝓪̉𝓷 𝓹𝓱𝓪̂̉𝓶 ◈ Sản phẩm:&Aacute;o kho&aacute;c thu đ&ocirc;ng thể thao nam ◈ M&atilde; sản phẩm: AO KHOAC NAM 001 ◈ Xuất xứ: Việt Nam ◈ Chất liệu: &Aacute;o kho&aacute;c thể thao nam sử dụng chất vải nỉ trơn d&agrave;y dặn, chất liệu mềm mại, mịn m&agrave;ng, co gi&atilde;n nhẹ ◈ Kiểu d&aacute;ng: &Aacute;o d&aacute;ng su&ocirc;ng rộng tạo cảm gi&aacute;c thoải m&aacute;i cho người mặc, phối họa tiết độc đ&aacute;o trẻ trung tạo sự năng động c&aacute; t&iacute;nh ◈ &Aacute;o kho&aacute;c nam ph&ugrave; hợp nhiều ho&agrave;n cảnh: mặc đi l&agrave;m, đi học, đi chơi, đi du lịch, mặc đội nh&oacute;m... &Aacute;o kho&aacute;c nam mỏng thu đ&ocirc;ng STYLEMARVEN thiết kế mũ tr&ugrave;m in h&igrave;nh phong cảnh độc lạ - AO KHOAC NAM 001 𝓗𝓾̛𝓸̛́𝓷𝓰 𝓭𝓪̂̃𝓷 𝓬𝓱𝓸̣𝓷 𝓼𝓲𝔃𝓮 ◈ Size XS: D&agrave;nh cho người tr&ecirc;n 40kg , chiều cao từ 1m6 đổ xuống ◈ Size S: D&agrave;nh cho người từ 48kg đổ xuống, chiều cao từ 1m6 đổ l&ecirc;n ◈ Size M: D&agrave;nh cho người từ 55kg đổ xuống, chiều cao từ 1m65 đổ xuống ◈ Size L: D&agrave;nh cho người từ 60kg đổ xuống, chiều cao từ 1m7 đổ xuống ◈ Size XL: D&agrave;nh cho người từ 65kg đổ xuống, chiều cao từ 1m75 đổ xuống Lưu &yacute;: N&ecirc;n giặt bằng tay, nếu giặt bằng m&aacute;y bạn n&ecirc;n giặt với nhiệt độ nước kh&ocirc;ng qu&aacute; 40 độ C để đảm bảo sản phẩm bền l&acirc;u v&agrave; giữ được m&agrave;u sắc ban đầu ---------------------------------------------------------------------- 𝐒𝐓𝐘𝐋𝐄 𝐌𝐀𝐑𝐕𝐄𝐍 - 𝐌𝐀𝐍𝐆 Đ𝐄̂́𝐍 𝐓𝐑𝐀̉𝐈 𝐍𝐆𝐇𝐈𝐄̣̂𝐌 𝐓𝐇𝐔́ 𝐕𝐈̣ 𝐕𝐄̂̀ 𝐓𝐇𝐎̛̀𝐈 𝐓𝐑𝐀𝐍𝐆 ♛ Cam kết sản phẩm giống y h&igrave;nh, h&igrave;nh ảnh do shop tự chụp. ♛ Đảm bảo chất lượng, dịch vụ tốt, h&agrave;ng được giao từ 1-5 ng&agrave;y kể từ ng&agrave;y đặt h&agrave;ng. ➥ CH&Iacute;NH S&Aacute;CH ĐỔI TRẢ V&Agrave; BẢO H&Agrave;NH - Hỗ trợ đổi Size hoặc đổi mẫu trong v&ograve;ng 3 ng&agrave;y (Miễn cước đổi trả khi Shop giao sai h&agrave;ng, kh&aacute;ch h&agrave;ng chịu cước đổi trả nếu kh&aacute;ch h&agrave;ng l&agrave; người chủ động muốn đổi size hoặc đổi mẫu) - Kh&aacute;ch h&agrave;ng được đổi sang c&aacute;c sản phẩm ngang gi&aacute; hoặc hơn gi&aacute; (Sản phẩm thấp gi&aacute; hơn sẽ kh&ocirc;ng được nhận lại gi&aacute; ch&ecirc;nh lệch giữa 2 sản phẩm) - Mỗi sản phẩm chỉ được đổi h&agrave;ng duy nhất 1 lần - Kh&ocirc;ng hỗ trợ đổi h&agrave;ng với c&aacute;c sản phẩm đ&atilde; qua sử dụng, sản phẩm c&oacute; t&igrave;nh trạng bẩn, r&aacute;ch, ố v&agrave;ng,&hellip; H&Atilde;Y Đ&Aacute;NH GI&Aacute; ⭐️⭐️⭐️⭐️⭐️ NẾU BẠN Y&Ecirc;U TH&Iacute;CH SẢN PHẨM CỦA STYLEMARVEN NH&Eacute; ! #ao #aokhoac #aonam #aokhoacnam #aoni #aokhoacni #hoodie #2mau #phoimau #aokhoacthudong #aonithudong #aoni #taydai #comu #NNN #aothudong #ni #hoatiet #thethao #nangdong #catinh #dep #thoitrang #stylemarven</p>", "is_free_ship": true, "sold": 1, "discount": 2, "categories": 3, "create": "2022-11-02T07:45:35.310Z", "update": "2022-12-12T15:24:48.584Z"}}, {"model": "app.products", "pk": 8, "fields": {"product_name": "demi kaki bomber", "product_slug": "demi-kaki-bomber", "product_image": "image/product/2022-12-12/kaki-bomber.jpg", "product_price": "399000", "short_description": "ÁO HOODIE CON QUỶ CUTE HOT UNISEX CAO CẤP VẢI MỀM MỊN ẤM ÁP KHÔNG XÙ LÔNG 1KENZ", "description": "<p><strong>TPO - Rất nhiều CĐV đ&atilde; l&ecirc;n tiếng ch&ecirc; bai trung vệ Antonio Rudiger của ĐT Đức sau pha cản ph&aacute; h&agrave;i hước trong trận gặp Nhật Bản tại World Cup 2022.</strong></p>\r\n\r\n<p>&nbsp;</p>\r\n\r\n<p>Cụ thể, ở ph&uacute;t 64 trong trận gặp Nhật Bản tại trận &ldquo;mở h&agrave;ng&rdquo; World Cup 2022, Antonio Rudiger đ&atilde; c&oacute; pha đua nước r&uacute;t với một cầu thủ Nhật Bản để cản ph&aacute; b&oacute;ng. Đ&aacute;ng ch&uacute; &yacute;, d&ugrave; hiệu quả rất tốt, nhưng h&agrave;nh động chạy h&agrave;i hước v&agrave; biểu cảm cười toe to&eacute;t của ng&ocirc;i sao 29 tuổi lại khiến kh&ocirc;ng &iacute;t người phải bật người.</p>\r\n\r\n<p>&nbsp;</p>\r\n\r\n<p>V&agrave; nhất l&agrave; khi Đức bất ngờ để Nhật Bản &ldquo;lội ngược d&ograve;ng&rdquo; th&agrave;nh c&ocirc;ng ở trận ra qu&acirc;n tại World Cup 2022, t&igrave;nh huống h&agrave;i hước n&agrave;y của Antonio Rudiger lại bị c&aacute;c CĐV đem ra chế giễu.</p>\r\n\r\n<table align=\"center\">\r\n\t<tbody>\r\n\t\t<tr>\r\n\t\t\t<td><a href=\"https://photo-cms-tpo.epicdn.me/w1000/Uploaded/2022/qhj-hiobgobrfc/2022_11_23/sao-duc-1759.jpg\"><img alt=\"Sao tuyển Đức bị chế giễu vì ‘bước chạy quái dị’ trước cầu thủ Nhật Bản ảnh 1\" src=\"https://photo-cms-tpo.epicdn.me/w645/Uploaded/2022/qhj-hiobgobrfc/2022_11_23/sao-duc-1759.jpg\" /></a></td>\r\n\t\t</tr>\r\n\t\t<tr>\r\n\t\t\t<td>\r\n\t\t\t<p>Antonio Rudiger chạy kh&aacute; h&agrave;i hước.</p>\r\n\t\t\t</td>\r\n\t\t</tr>\r\n\t</tbody>\r\n</table>\r\n\r\n<p>Tr&ecirc;n mạng x&atilde; hội Twitter, một CĐV đ&atilde; b&igrave;nh luận: &ldquo;Rudiger đang l&agrave;m c&aacute;i qu&aacute;i g&igrave; thế n&agrave;y.&rdquo; Trong khi đ&oacute;, CĐV kh&aacute;c lại mỉa mai: &ldquo;Rudiger đ&iacute;ch x&aacute;c l&agrave; một trong những cầu thủ kỳ qu&aacute;i nhất l&agrave; t&ocirc;i từng biết.&rdquo;</p>\r\n\r\n<p>&nbsp;</p>\r\n\r\n<p>&ldquo;H&atilde;y nh&igrave;n c&aacute;ch Rudiger chạy. Cậu ấy thật h&agrave;i hước.&rdquo; CĐV kh&aacute;c b&igrave;nh luận. &ldquo;Khi bạn thắng th&igrave; đ&acirc;y l&agrave; một điều h&agrave;i hước, nhưng khi bạn thua th&igrave; đ&acirc;y l&agrave; điều đ&aacute;ng buồn.&rdquo; &ndash; Một CĐV chế giễu.</p>\r\n\r\n<p>&nbsp;</p>\r\n\r\n<p>Trở lại với trận đấu, d&ugrave; đ&atilde; c&oacute; b&agrave;n thắng dẫn trước ở ph&uacute;t 33 nhờ c&ocirc;ng của lkay Guendogan, nhưng ĐT Đức lại bất ngờ để Nhật Bản đ&aacute;nh bại với tỷ số 2-1. Ritsu Doan (75&rsquo;) v&agrave; Takuma Asano (83&rsquo;) ch&iacute;nh l&agrave; những người đ&atilde; lập c&ocirc;ng gi&uacute;p &ldquo;Samurai xanh&rdquo; c&oacute; được chiến thắng ngọt ng&agrave;o trước đối thủ.</p>", "is_free_ship": false, "sold": 5, "discount": null, "categories": 3, "create": "2022-11-02T07:45:57.324Z", "update": "2022-12-12T15:25:08.000Z"}}, {"model": "app.products", "pk": 9, "fields": {"product_name": "demi kaki", "product_slug": "demi-kaki", "product_image": "image/product/2022-12-12/kaki.jpg", "product_price": "289000", "short_description": "Áo Khoác Hoodie Khủng Long Cực Chất sweater unisex Cao cấp bền màu 1Kenz", "description": "<p><strong>Bảng SIZE</strong>:</p>\r\n\r\n<p>Quần / &Aacute;o form ch&acirc;u &Acirc;u rộng rộng nh&eacute; c&aacute;c cậu (Bảng size mang t&iacute;nh chất tham khảo v&agrave; ph&ugrave; hợp 80-90% sở th&iacute;ch c&aacute;c cậu ạ. C&aacute;c bạn muốn chọn size ph&ugrave; hợp c&oacute; thể xem h&igrave;nh feedback c&aacute;c kh&aacute;ch đ&atilde; mua hoặc inbox cho nh&eacute; ^^)</p>\r\n\r\n<p>&nbsp; &nbsp; &nbsp;<strong>Size S</strong>: DƯỚI 40KG</p>\r\n\r\n<p>&nbsp; &nbsp; &nbsp;<strong>Size M</strong>: từ 40kg - 45kg,Cao : dưới 1m60 Size L: từ 45-50kg , Cao : 1m61 - 1m70</p>\r\n\r\n<p>&nbsp; &nbsp; &nbsp;<strong>Size XL</strong>: DƯỚI 55KG, Cao : 1m61 -1m73</p>\r\n\r\n<p>Kh&aacute;ch h&agrave;ng lưu &yacute; đặt đ&uacute;ng size, kh&aacute;ch đặt size n&agrave;o shop giao đ&uacute;ng size đ&oacute; tr&aacute;ch trường hợp đặt size kh&aacute;c rồi v&agrave;o b&aacute;o shop gửi size kh&aacute;c nh&eacute; <strong>CAM KẾT CHẤT LƯỢNG SẢN PHẨM T&Ocirc;T NHẤT VỚI GI&Aacute; CẢ HỢP L&Yacute; </strong>!Đặc t&iacute;nh sản phẩm <strong>&Aacute;O KHO&Aacute;C, &Aacute;O KHO&Aacute;C HOODIE UNISEX NAM NỮ B&Eacute; MA C&Oacute; SỪNG Đ&Aacute;NG Y&Ecirc;U</strong></p>\r\n\r\n<div><img src=\"chrome-extension://bpggmmljdiliancllaapiggllnkbjocb/logo/48.png\" /></div>", "is_free_ship": true, "sold": 3, "discount": 1, "categories": 3, "create": "2022-11-02T07:46:25.192Z", "update": "2022-12-12T15:24:57.560Z"}}, {"model": "app.products", "pk": 10, "fields": {"product_name": "hot trend 2022", "product_slug": "hot-trend-2022", "product_image": "image/product/2022-12-12/igor-sporynin-cVj7IlF1jZg-unsplash.jpg", "product_price": "500000", "short_description": "Áo khoác lots lông đen", "description": "<p>si&ecirc;u phẩm l&oacute;t l&ocirc;ng</p>", "is_free_ship": true, "sold": 0, "discount": null, "categories": 1, "create": "2022-12-12T02:38:20.596Z", "update": "2022-12-12T15:25:43.573Z"}}, {"model": "app.productimage", "pk": 6, "fields": {"image": "image/product_img/2022-11-21/product-big_uAjhrKM.png", "image_thumb": "image/product_img/2022-11-21/product-big_CA67g2A.png", "product": 6, "create": "2022-11-21T06:09:28.177Z", "update": "2022-11-21T06:09:28.177Z"}}, {"model": "app.productimage", "pk": 7, "fields": {"image": "image/product_img/2022-11-21/product-big_ZJgXB5X.png", "image_thumb": "image/product_img/2022-11-21/product-big_zomfrYL.png", "product": 9, "create": "2022-11-21T06:11:21.509Z", "update": "2022-11-21T06:11:21.509Z"}}, {"model": "app.productimage", "pk": 8, "fields": {"image": "image/product_img/2022-11-21/product-big-2_6I4p5A5.png", "image_thumb": "image/product_img/2022-11-21/product-big-2_gch1HYN.png", "product": 9, "create": "2022-11-21T06:11:21.526Z", "update": "2022-11-21T06:11:21.526Z"}}, {"model": "app.productimage", "pk": 9, "fields": {"image": "image/product_img/2022-11-21/product-big-3_VKbimfv.png", "image_thumb": "image/product_img/2022-11-21/product-big-3_lEntuWK.png", "product": 9, "create": "2022-11-21T06:11:21.536Z", "update": "2022-11-21T06:11:21.536Z"}}, {"model": "app.productimage", "pk": 10, "fields": {"image": "image/product_img/2022-11-21/product-big-4_MT8yctm.png", "image_thumb": "image/product_img/2022-11-21/product-big-4_gqhLFDa.png", "product": 9, "create": "2022-11-21T06:11:21.548Z", "update": "2022-11-21T06:11:21.548Z"}}, {"model": "app.productimage", "pk": 11, "fields": {"image": "image/product_img/2022-11-21/ali-pazani-3SyAbr5MXMA-unsplash.jpg", "image_thumb": "image/product_img/2022-11-21/ali-pazani-3SyAbr5MXMA-unsplash_mQkOet1.jpg", "product": 8, "create": "2022-11-21T07:55:36.775Z", "update": "2022-11-21T07:55:36.775Z"}}, {"model": "app.productimage", "pk": 12, "fields": {"image": "image/product_img/2022-11-21/artem-ivanchencko-I-4bg_c7N24-unsplash.jpg", "image_thumb": "image/product_img/2022-11-21/artem-ivanchencko-I-4bg_c7N24-unsplash_5t0FWZg.jpg", "product": 8, "create": "2022-11-21T07:55:37.040Z", "update": "2022-11-21T07:55:37.040Z"}}, {"model": "app.productimage", "pk": 13, "fields": {"image": "image/product_img/2022-11-21/brandon-webb-GNPCqlUex8U-unsplash.jpg", "image_thumb": "image/product_img/2022-11-21/brandon-webb-GNPCqlUex8U-unsplash_i5Bnh7v.jpg", "product": 8, "create": "2022-11-21T07:55:37.122Z", "update": "2022-11-21T07:55:37.122Z"}}, {"model": "app.productimage", "pk": 14, "fields": {"image": "image/product_img/2022-11-21/christopher-campbell-A-XbQiu65Xw-unsplash.jpg", "image_thumb": "image/product_img/2022-11-21/christopher-campbell-A-XbQiu65Xw-unsplash_wE8SQ9R.jpg", "product": 8, "create": "2022-11-21T07:55:37.243Z", "update": "2022-11-21T07:55:37.243Z"}}, {"model": "app.productimage", "pk": 15, "fields": {"image": "image/product_img/2022-11-21/collins-lesulie-GMpS3NDQ8yI-unsplash.jpg", "image_thumb": "image/product_img/2022-11-21/collins-lesulie-GMpS3NDQ8yI-unsplash_NsY1csZ.jpg", "product": 7, "create": "2022-11-21T07:56:42.170Z", "update": "2022-11-21T07:56:42.171Z"}}, {"model": "app.productimage", "pk": 16, "fields": {"image": "image/product_img/2022-11-21/levin-anton-78JwbspTWec-unsplash.jpg", "image_thumb": "image/product_img/2022-11-21/levin-anton-78JwbspTWec-unsplash_QXVgamm.jpg", "product": 7, "create": "2022-11-21T07:56:42.477Z", "update": "2022-11-21T07:56:42.477Z"}}, {"model": "app.productimage", "pk": 17, "fields": {"image": "image/product_img/2022-11-21/logan-weaver-lgnwvr-1DpJVo3vtGc-unsplash.jpg", "image_thumb": "image/product_img/2022-11-21/logan-weaver-lgnwvr-1DpJVo3vtGc-unsplash_1.jpg", "product": 7, "create": "2022-11-21T07:56:42.615Z", "update": "2022-11-21T07:56:42.615Z"}}, {"model": "app.productimage", "pk": 18, "fields": {"image": "image/product_img/2022-11-21/logan-weaver-lgnwvr-1DpJVo3vtGc-unsplash_1_Uuzu6UP.jpg", "image_thumb": "image/product_img/2022-11-21/logan-weaver-lgnwvr-1DpJVo3vtGc-unsplash_1_HpIf9WH.jpg", "product": 7, "create": "2022-11-21T07:56:42.794Z", "update": "2022-11-21T07:56:42.794Z"}}, {"model": "app.productimage", "pk": 19, "fields": {"image": "image/product_img/2022-11-21/logan-weaver-lgnwvr-avx6zuYNujU-unsplash.jpg", "image_thumb": "image/product_img/2022-11-21/logan-weaver-lgnwvr-avx6zuYNujU-unsplash_VFnadCV.jpg", "product": 6, "create": "2022-11-21T07:57:44.274Z", "update": "2022-11-21T07:57:44.274Z"}}, {"model": "app.productimage", "pk": 20, "fields": {"image": "image/product_img/2022-11-21/logan-weaver-lgnwvr-ct4tHsvMQAc-unsplash.jpg", "image_thumb": "image/product_img/2022-11-21/logan-weaver-lgnwvr-ct4tHsvMQAc-unsplash_DDp4TyK.jpg", "product": 6, "create": "2022-11-21T07:57:44.300Z", "update": "2022-11-21T07:57:44.300Z"}}, {"model": "app.productimage", "pk": 21, "fields": {"image": "image/product_img/2022-11-21/logan-weaver-lgnwvr-N6BP12FB_XU-unsplash.jpg", "image_thumb": "image/product_img/2022-11-21/logan-weaver-lgnwvr-N6BP12FB_XU-unsplash_0MbG5B6.jpg", "product": 6, "create": "2022-11-21T07:57:44.425Z", "update": "2022-11-21T07:57:44.425Z"}}, {"model": "app.productimage", "pk": 22, "fields": {"image": "image/product_img/2022-11-21/logan-weaver-lgnwvr-Oou5FChznqg-unsplash.jpg", "image_thumb": "image/product_img/2022-11-21/logan-weaver-lgnwvr-Oou5FChznqg-unsplash_psy6gSe.jpg", "product": 6, "create": "2022-11-21T07:57:44.534Z", "update": "2022-11-21T07:57:44.534Z"}}, {"model": "app.productimage", "pk": 23, "fields": {"image": "image/product_img/2022-11-21/ospan-ali-B3bHFFXU90U-unsplash.jpg", "image_thumb": "image/product_img/2022-11-21/ospan-ali-B3bHFFXU90U-unsplash_lM7h05x.jpg", "product": 5, "create": "2022-11-21T07:58:26.686Z", "update": "2022-11-21T07:58:26.686Z"}}, {"model": "app.productimage", "pk": 24, "fields": {"image": "image/product_img/2022-11-21/ospan-ali-B3bHFFXU90U-unsplash_HbD5oL5.jpg", "image_thumb": "image/product_img/2022-11-21/ospan-ali-gTNOHGJ907I-unsplash.jpg", "product": 5, "create": "2022-11-21T07:58:26.987Z", "update": "2022-11-21T07:58:26.987Z"}}, {"model": "app.productimage", "pk": 25, "fields": {"image": "image/product_img/2022-11-21/sincerely-media-UvSzpxDdWcI-unsplash.jpg", "image_thumb": "image/product_img/2022-11-21/sincerely-media-UvSzpxDdWcI-unsplash_HtT62H3.jpg", "product": 5, "create": "2022-11-21T07:58:27.426Z", "update": "2022-11-21T07:58:27.426Z"}}, {"model": "app.productimage", "pk": 26, "fields": {"image": "image/product_img/2022-11-21/taisiia-stupak-8V61ORZxH1w-unsplash.jpg", "image_thumb": "image/product_img/2022-11-21/taisiia-stupak-8V61ORZxH1w-unsplash_5OJ8drw.jpg", "product": 5, "create": "2022-11-21T07:58:27.596Z", "update": "2022-11-21T07:58:27.596Z"}}, {"model": "app.productimage", "pk": 27, "fields": {"image": "image/product_img/2022-11-21/logan-weaver-lgnwvr-1DpJVo3vtGc-unsplash_iV7ia9e.jpg", "image_thumb": "image/product_img/2022-11-21/logan-weaver-lgnwvr-1DpJVo3vtGc-unsplash_VCYk7DQ.jpg", "product": 4, "create": "2022-11-21T07:59:17.251Z", "update": "2022-11-21T07:59:17.251Z"}}, {"model": "app.productimage", "pk": 28, "fields": {"image": "image/product_img/2022-11-21/ospan-ali-gTNOHGJ907I-unsplash_bUK7udo.jpg", "image_thumb": "image/product_img/2022-11-21/ospan-ali-gTNOHGJ907I-unsplash_hlU1Stn.jpg", "product": 4, "create": "2022-11-21T07:59:17.442Z", "update": "2022-11-21T07:59:17.442Z"}}, {"model": "app.productimage", "pk": 29, "fields": {"image": "image/product_img/2022-11-21/ali-pazani-3SyAbr5MXMA-unsplash_gkvPAiH.jpg", "image_thumb": "image/product_img/2022-11-21/ali-pazani-3SyAbr5MXMA-unsplash_y6rLqCI.jpg", "product": 4, "create": "2022-11-21T07:59:17.881Z", "update": "2022-11-21T07:59:17.881Z"}}, {"model": "app.productimage", "pk": 30, "fields": {"image": "image/product_img/2022-11-21/artem-ivanchencko-I-4bg_c7N24-unsplash_eALOyDr.jpg", "image_thumb": "image/product_img/2022-11-21/artem-ivanchencko-I-4bg_c7N24-unsplash_30RA6zB.jpg", "product": 4, "create": "2022-11-21T07:59:18.094Z", "update": "2022-11-21T07:59:18.094Z"}}, {"model": "app.productimage", "pk": 31, "fields": {"image": "image/product_img/2022-11-21/sincerely-media-UvSzpxDdWcI-unsplash_ENOIzVI.jpg", "image_thumb": "image/product_img/2022-11-21/sincerely-media-UvSzpxDdWcI-unsplash_Hrly8IQ.jpg", "product": 3, "create": "2022-11-21T08:00:15.958Z", "update": "2022-11-21T08:00:15.959Z"}}, {"model": "app.productimage", "pk": 32, "fields": {"image": "image/product_img/2022-11-21/taisiia-stupak-8V61ORZxH1w-unsplash_PbxKu57.jpg", "image_thumb": "image/product_img/2022-11-21/taisiia-stupak-8V61ORZxH1w-unsplash_Ws0vNQS.jpg", "product": 3, "create": "2022-11-21T08:00:16.129Z", "update": "2022-11-21T08:00:16.129Z"}}, {"model": "app.productimage", "pk": 33, "fields": {"image": "image/product_img/2022-11-21/brandon-webb-GNPCqlUex8U-unsplash_iW8akJv.jpg", "image_thumb": "image/product_img/2022-11-21/brandon-webb-GNPCqlUex8U-unsplash_idoNUMs.jpg", "product": 3, "create": "2022-11-21T08:00:16.244Z", "update": "2022-11-21T08:00:16.244Z"}}, {"model": "app.productimage", "pk": 34, "fields": {"image": "image/product_img/2022-11-21/christopher-campbell-A-XbQiu65Xw-unsplash_lYU9aeG.jpg", "image_thumb": "image/product_img/2022-11-21/christopher-campbell-A-XbQiu65Xw-unsplash_2mucgP8.jpg", "product": 3, "create": "2022-11-21T08:00:16.347Z", "update": "2022-11-21T08:00:16.347Z"}}, {"model": "app.productimage", "pk": 35, "fields": {"image": "image/product_img/2022-11-21/logan-weaver-lgnwvr-1DpJVo3vtGc-unsplash_1_aJF0u4p.jpg", "image_thumb": "image/product_img/2022-11-21/logan-weaver-lgnwvr-1DpJVo3vtGc-unsplash_1_ToyiasQ.jpg", "product": 2, "create": "2022-11-21T08:01:11.102Z", "update": "2022-11-21T08:01:11.102Z"}}, {"model": "app.productimage", "pk": 36, "fields": {"image": "image/product_img/2022-11-21/logan-weaver-lgnwvr-Oou5FChznqg-unsplash_HBTiDRB.jpg", "image_thumb": "image/product_img/2022-11-21/logan-weaver-lgnwvr-1DpJVo3vtGc-unsplash_xwPbG9B.jpg", "product": 2, "create": "2022-11-21T08:01:11.270Z", "update": "2022-11-21T08:01:11.270Z"}}, {"model": "app.productimage", "pk": 37, "fields": {"image": "image/product_img/2022-11-21/ospan-ali-gTNOHGJ907I-unsplash_wkdph8r.jpg", "image_thumb": "image/product_img/2022-11-21/ospan-ali-B3bHFFXU90U-unsplash_p7rTy9x.jpg", "product": 2, "create": "2022-11-21T08:01:11.457Z", "update": "2022-11-21T08:01:11.457Z"}}, {"model": "app.productimage", "pk": 38, "fields": {"image": "image/product_img/2022-11-21/sincerely-media-UvSzpxDdWcI-unsplash_i1YL4xD.jpg", "image_thumb": "image/product_img/2022-11-21/taisiia-stupak-8V61ORZxH1w-unsplash_5WId8xz.jpg", "product": 2, "create": "2022-11-21T08:01:11.745Z", "update": "2022-11-21T08:01:11.745Z"}}, {"model": "app.productimage", "pk": 39, "fields": {"image": "image/product_img/2022-11-21/christopher-campbell-A-XbQiu65Xw-unsplash_Hnmt25A.jpg", "image_thumb": "image/product_img/2022-11-21/christopher-campbell-A-XbQiu65Xw-unsplash_CP1ACI0.jpg", "product": 1, "create": "2022-11-21T08:01:44.960Z", "update": "2022-11-21T08:01:44.960Z"}}, {"model": "app.productimage", "pk": 40, "fields": {"image": "image/product_img/2022-11-21/levin-anton-78JwbspTWec-unsplash_AQarrPQ.jpg", "image_thumb": "image/product_img/2022-11-21/levin-anton-78JwbspTWec-unsplash_X3hmukk.jpg", "product": 1, "create": "2022-11-21T08:01:45.105Z", "update": "2022-11-21T08:01:45.105Z"}}, {"model": "app.productimage", "pk": 41, "fields": {"image": "image/product_img/2022-11-21/ospan-ali-gTNOHGJ907I-unsplash_6h3wP5P.jpg", "image_thumb": "image/product_img/2022-11-21/ospan-ali-gTNOHGJ907I-unsplash_APoLQiU.jpg", "product": 1, "create": "2022-11-21T08:01:45.250Z", "update": "2022-11-21T08:01:45.250Z"}}, {"model": "app.productimage", "pk": 42, "fields": {"image": "image/product_img/2022-11-21/ali-pazani-3SyAbr5MXMA-unsplash_y9uHFg5.jpg", "image_thumb": "image/product_img/2022-11-21/ali-pazani-3SyAbr5MXMA-unsplash_RYKNaLP.jpg", "product": 1, "create": "2022-11-21T08:01:45.678Z", "update": "2022-11-21T08:01:45.678Z"}}, {"model": "app.productimage", "pk": 43, "fields": {"image": "image/product_img/2022-12-12/ali-pazani-3SyAbr5MXMA-unsplash.jpg", "image_thumb": "image/product_img/2022-12-12/ali-pazani-3SyAbr5MXMA-unsplash_LgN0A9S.jpg", "product": 10, "create": "2022-12-12T02:38:20.634Z", "update": "2022-12-12T02:38:20.634Z"}}, {"model": "app.productimage", "pk": 44, "fields": {"image": "image/product_img/2022-12-12/artem-ivanchencko-I-4bg_c7N24-unsplash.jpg", "image_thumb": "image/product_img/2022-12-12/artem-ivanchencko-I-4bg_c7N24-unsplash_uzTE2TO.jpg", "product": 10, "create": "2022-12-12T02:38:21.169Z", "update": "2022-12-12T02:38:21.169Z"}}, {"model": "app.productimage", "pk": 45, "fields": {"image": "image/product_img/2022-12-12/christopher-campbell-A-XbQiu65Xw-unsplash.jpg", "image_thumb": "image/product_img/2022-12-12/christopher-campbell-A-XbQiu65Xw-unsplash_KpUoEOg.jpg", "product": 10, "create": "2022-12-12T02:38:21.357Z", "update": "2022-12-12T02:38:21.357Z"}}, {"model": "app.productimage", "pk": 46, "fields": {"image": "image/product_img/2022-12-12/logan-weaver-lgnwvr-1DpJVo3vtGc-unsplash_1.jpg", "image_thumb": "image/product_img/2022-12-12/collins-lesulie-GMpS3NDQ8yI-unsplash.jpg", "product": 10, "create": "2022-12-12T02:38:21.752Z", "update": "2022-12-12T02:38:21.752Z"}}, {"model": "app.promotion", "pk": 1, "fields": {"promoto_name": "hoodie strend", "promoto_slug": "hoodie-strend", "promoto_expiration": "2022-11-20T06:47:50Z", "promoto_rate": 0.1, "create": "2022-11-03T06:48:55.422Z", "update": "2022-11-10T14:52:39.159Z"}}, {"model": "app.promotion", "pk": 2, "fields": {"promoto_name": "sweater khoác dù", "promoto_slug": "sweater-khoac-du", "promoto_expiration": "2022-11-20T06:49:58Z", "promoto_rate": 0.2, "create": "2022-11-03T06:50:04.486Z", "update": "2022-11-10T14:52:32.651Z"}}, {"model": "app.promotion", "pk": 3, "fields": {"promoto_name": "demi kaki", "promoto_slug": "demi-kaki", "promoto_expiration": "2022-11-20T06:50:19Z", "promoto_rate": 0.3, "create": "2022-11-03T06:50:26.301Z", "update": "2022-11-10T14:52:24.725Z"}}, {"model": "app.blogs", "pk": 1, "fields": {"blog_title": "Bất ngờ với loại trang phục anh em hễ mặc là phái đẹp mê đắm", "blog_slug": "bat-ngo-voi-loai-trang-phuc-anh-em-he-mac-la-phai-ep-me-am", "blog_image": "image/blog/2022-12-12/blog_1.jpg", "bolg_user": 1, "blog_content": "<h2>Comple hay veston&nbsp;được cho l&agrave; xuất hiện đầu ti&ecirc;n tại nước Anh v&agrave;o năm 1660 với người ti&ecirc;n phong l&agrave; vua Charles II.</h2>\r\n\r\n<p>Sự kiện:&nbsp;<a href=\"https://www.24h.com.vn/men-style-guide-c78e6000.html\" title=\"Đàn ông sành điệu\">Đ&agrave;n &ocirc;ng s&agrave;nh điệu</a></p>\r\n\r\n<p>&nbsp;</p>\r\n\r\n<p><img alt=\"Bất ngờ với loại trang phục anh em hễ mặc là phái đẹp mê đắm - 1\" src=\"https://cdn.24h.com.vn/upload/4-2022/images/2022-11-01/5--2--1661422330-199-width740height1129-1667291758-84-width1200height675.jpg\" /></p>\r\n\r\n<p>&nbsp;</p>\r\n\r\n<p>&nbsp;</p>\r\n\r\n<p>C&aacute;nh đ&agrave;n &ocirc;ng mặc g&igrave; cho đẹp?</p>\r\n\r\n<p>Một nguy&ecirc;n tắc v&agrave;ng về thời trang l&agrave; trước hết bạn n&ecirc;n ăn mặc cho bản th&acirc;n.&nbsp;Bạn n&ecirc;n ăn mặc đẹp v&igrave; điều đ&oacute; khiến bạn cảm thấy dễ chịu v&agrave; tạo cơ hội cho bạn thể hiện bản th&acirc;n, chứ kh&ocirc;ng phải v&igrave; bạn đang muốn g&acirc;y ấn tượng với những người kh&aacute;c giới (kh&ocirc;ng ai th&iacute;ch một&nbsp;kẻ xuề x&ograve;a với m&aacute;i t&oacute;c bẩn v&agrave; quần &aacute;o nhăn nh&uacute;m).</p>\r\n\r\n<p>Nhưng ch&uacute;ng ta sẽ tự dối m&igrave;nh nếu ch&uacute;ng ta kh&ocirc;ng, &iacute;t nhất l&agrave; một phần, ăn mặc để g&acirc;y ấn tượng với những c&ocirc; n&agrave;ng xinh đẹp.&nbsp;Thật sự kh&ocirc;ng c&oacute; g&igrave; phải xấu hổ cả. Nếu bạn đang c&oacute; xu hướng&nbsp;ghi điểm trong&nbsp;một buổi hẹn h&ograve;, th&igrave; bạn cũng c&oacute; thể thực sự đầu tư v&agrave;o trang phục.&nbsp;V&igrave; vậy, điều số 1 một người đ&agrave;n &ocirc;ng n&ecirc;n mặc nếu anh ta muốn thu h&uacute;t sự ch&uacute; &yacute; của phụ nữ?</p>\r\n\r\n<p><img alt=\"Bất ngờ với loại trang phục anh em hễ mặc là phái đẹp mê đắm - 2\" src=\"https://cdn.24h.com.vn/upload/4-2022/images/2022-11-01/310600721_3682416618709339_8387274277243384939_n-1667291758-268-width1200height800.jpg\" /></p>\r\n\r\n<p><em>H&oacute;a ra c&acirc;u trả lời lại v&ocirc; c&ugrave;ng quen thuộc:&nbsp;đ&oacute; l&agrave; bộ vest cổ điển&nbsp;.</em></p>\r\n\r\n<p>Nh&agrave; b&aacute;n lẻ&nbsp;WatchPilot của&nbsp;Vương quốc Anh đ&atilde; tiến h&agrave;nh một nghi&ecirc;n cứu để t&igrave;m ra những bộ trang phục m&agrave; mọi người cảm thấy hấp dẫn nhất đối với nam giới v&agrave; phụ nữ.</p>\r\n\r\n<p><img alt=\"Bất ngờ với loại trang phục anh em hễ mặc là phái đẹp mê đắm - 3\" src=\"https://cdn.24h.com.vn/upload/4-2022/images/2022-11-01/8d39b3cbca27a766d43a7cad5d28941a-1667291758-412-width1200height800.jpg\" /></p>\r\n\r\n<p>Veston hiện đại.</p>\r\n\r\n<p>C&aacute;c ph&aacute;t hiện quan trọng kh&aacute;c từ nghi&ecirc;n cứu bao gồm phụ nữ th&iacute;ch m&agrave;u sẫm trong trang phục nam giới,&nbsp;ủng&nbsp;l&agrave; loại gi&agrave;y d&eacute;p ưa th&iacute;ch v&agrave; phụ kiện hấp dẫn nhất m&agrave; một người đ&agrave;n &ocirc;ng c&oacute; thể đeo l&agrave; một chiếc đồng hồ đeo tay cổ điển (kh&ocirc;ng c&oacute; g&igrave; ngạc nhi&ecirc;n với kết quả n&agrave;y phải kh&ocirc;ng).&nbsp;Thật th&uacute; vị, những đ&ocirc;i gi&agrave;y thể thao đế cao xuất hiện tương đối hạn chế&nbsp;trong cuộc khảo s&aacute;t.</p>\r\n\r\n<p>Mặt kh&aacute;c, những người đ&agrave;n &ocirc;ng trong cuộc nghi&ecirc;n cứu cho biết trang phục m&agrave; họ thấy hấp dẫn nhất ở phụ nữ l&agrave; đồ bơi v&agrave; bikini - một lần nữa, c&oacute; lẽ kh&ocirc;ng phải l&agrave; một kết quả qu&aacute; ngạc nhi&ecirc;n, nhưng một kết quả đ&ograve;i hỏi một số suy nghĩ về b&igrave;nh đẳng giới t&iacute;nh.</p>\r\n\r\n<p><em>&ldquo;C&oacute; vẻ như đ&aacute;nh gi&aacute; trang phục dựa tr&ecirc;n yếu tố&nbsp;cơ thể phụ nữ vẫn c&ograve;n thiếu t&iacute;nh kh&aacute;ch quan - th&igrave; điều m&agrave; ch&uacute;ng t&ocirc;i tranh luận l&agrave; ti&ecirc;u chuẩn k&eacute;p khi bạn thấy rằng trang phục phổ biến nhất của nam giới l&agrave; com-l&ecirc; v&agrave; c&agrave; vạt.&rdquo; -</em>&nbsp;Tổ chức thực hiện khảo s&aacute;t cho hay.</p>\r\n\r\n<p><strong>Lịch sử l&acirc;u đời của veston</strong></p>\r\n\r\n<p>Comple hay veston&nbsp;được cho l&agrave; xuất hiện đầu ti&ecirc;n tại nước Anh v&agrave;o năm 1660 với người ti&ecirc;n phong l&agrave; vua Charles II.</p>\r\n\r\n<p>Tới đầu thập ni&ecirc;n 1800,&nbsp;George Bryan Brummel đ&atilde; cải c&aacute;ch kh&aacute; nhiều đồ bộ veston. Veston l&uacute;c n&agrave;y được cắt vừa vặn với cơ thể, thường được mặc chung với khăn qu&agrave;ng.</p>\r\n\r\n<p>Tới cuối thế kỷ 19 v&agrave; đầu thế kỷ 20&nbsp;th&igrave; bộ veston đ&atilde; được thay đổi đi nhiều chi tiết cầu kỳ.&nbsp;Những năm 60, ve &aacute;o được thu bớt lại, giảm thiểu c&aacute;c đường cắt&nbsp; Rồi tới năm 80, người ta đơn giản h&oacute;a bộ veston, &aacute;o gile v&agrave; caravat thậm ch&iacute; c&ograve;n bị bỏ qua.</p>\r\n\r\n<p><img alt=\"Bất ngờ với loại trang phục anh em hễ mặc là phái đẹp mê đắm - 4\" src=\"https://cdn.24h.com.vn/upload/4-2022/images/2022-11-01/08087156d65f13014a4e--1--1667291758-785-width1200height800.jpg\" /></p>\r\n\r\n<p>Tuy trong lịch sử c&oacute; rất nhiều kiểu&nbsp;veston&nbsp;song người ta chỉ quy chuẩn n&oacute; theo ba phong c&aacute;ch&nbsp;ch&iacute;nh. Một l&agrave; veston Anh d&aacute;ng mềm, c&oacute; đệm vai, phần c&uacute;c được đặt ngang eo khiến &aacute;o tr&ocirc;ng d&agrave;i hơn,&nbsp;th&acirc;n &aacute;o &ocirc;m nhẹ, eo cao, t&uacute;i nằm ở hai b&ecirc;n h&ocirc;ng v&agrave; c&oacute; nắp. Hai l&agrave;&nbsp;veston &Yacute; c&oacute; phần vai vu&ocirc;ng, một th&acirc;n ngắn v&agrave; đơn ngực (một h&agrave;ng khuy), c&oacute; hai n&uacute;t bấm, &aacute;o kh&ocirc;ng c&oacute; đường xẻ ph&iacute;a sau, cầu vai rộng hơn. Ba l&agrave; l&agrave; phong c&aacute;ch Mỹ, vai thả&nbsp;tự nhi&ecirc;n với phần th&acirc;n thẳng, tay &aacute;o v&agrave; th&acirc;n rộng r&atilde;i, d&aacute;ng hộp, xẻ sau, t&uacute;i &aacute;o c&oacute; nắp.</p>\r\n\r\n<p>Khoảng cuối năm 90 thế kỷ trước v&agrave; đầu thế kỷ 21, tr&agrave;o lưu mặc veston c&oacute; phần hiện đại hơn nhiều, người ta đ&atilde; bắt đầu mặc quần ống c&ocirc;n v&agrave; &aacute;o thun với chiếc &aacute;o kho&aacute;c của đồ bộ comple.</p>\r\n\r\n<p><img alt=\"Bất ngờ với loại trang phục anh em hễ mặc là phái đẹp mê đắm - 5\" src=\"https://cdn.24h.com.vn/upload/4-2022/images/2022-11-01/08087156d65f13014a4e--1--1667291758-65-width960height600.jpg\" /></p>\r\n\r\n<p>Tới thời hiện đại, trang phục veston&nbsp;của nam giới được cải tiến kh&aacute; nhiều.</p>\r\n\r\n<p>Ng&agrave;y nay, những bộ veston được may sao cho vừa vặn với cơ thể. C&oacute; loại veston &ocirc;m d&aacute;ng, ch&iacute;t eo, m&agrave;u m&egrave;, l&agrave;m từ nhiều chất liệu như dạ, nhung&hellip; mang phong c&aacute;ch H&agrave;n Quốc. C&aacute;nh thanh ni&ecirc;n c&ograve;n chỉ lấy nguy&ecirc;n &aacute;o vest từ đồ bộ để mặc chung với quần b&ograve; ống c&ocirc;n, quần kaki chun b&oacute; chẽn, quần vải th&ocirc; kh&aacute;c m&agrave;u ống đứng&hellip; hiện đại v&agrave; trẻ trung.</p>\r\n\r\n<p>Ngo&agrave;i ra, những mẫu complet mang phong c&aacute;ch thuần chất Ch&acirc;u &Acirc;u &ocirc;m th&acirc;n vừa phải, một h&agrave;ng khuy phổ biến hoặc hai h&agrave;ng khuy đứng đắn, complet một khuy hiện đại, complet hai khuy cổ điển&hellip;., &aacute;o ch&iacute;t nhẹ phần eo tạo th&agrave;nh h&igrave;nh chữ V đẹp mắt, cầu vai c&oacute; thể vu&ocirc;ng vức (d&aacute;ng &Yacute;) hoặc cầu vai thả tự nhi&ecirc;n (d&aacute;ng Mỹ)&hellip;.</p>\r\n\r\n<p><img alt=\"Bất ngờ với loại trang phục anh em hễ mặc là phái đẹp mê đắm - 6\" src=\"https://cdn.24h.com.vn/upload/4-2022/images/2022-11-01/117397271_3373772972683212_5046113255969904427_n-1667291758-634-width1200height800.jpg\" /></p>", "create": "2022-11-09T03:03:53.050Z", "update": "2022-12-12T15:27:09.758Z"}}, {"model": "app.blogs", "pk": 2, "fields": {"blog_title": "Những món đồ đàn ông nên có cho mùa thu", "blog_slug": "nhung-mon-o-an-ong-nen-co-cho-mua-thu", "blog_image": "image/blog/2022-12-12/blog_2.jpg", "bolg_user": 1, "blog_content": "<h2>Cuối c&ugrave;ng th&igrave; m&ugrave;a h&egrave; cũng đang hạ nhiệt v&agrave; đ&atilde; đến l&uacute;c cất những chiếc quần short ngắn v&agrave; &aacute;o ph&ocirc;ng qu&aacute; khổ v&agrave;o ngăn k&eacute;o.</h2>\r\n\r\n<p>Sự kiện:&nbsp;<a href=\"https://www.24h.com.vn/men-style-guide-c78e6000.html\" title=\"Đàn ông sành điệu\">Đ&agrave;n &ocirc;ng s&agrave;nh điệu</a>,&nbsp;<a href=\"https://www.24h.com.vn/thoi-trang-nam-cong-so-c78e1181.html\" title=\"Thời trang nam công sở\">Thời trang nam c&ocirc;ng sở</a></p>\r\n\r\n<p>M&ugrave;a thu l&agrave; một m&ugrave;a tuyệt vời cho những t&iacute;n đồ thời trang v&igrave; n&oacute; c&oacute; &yacute; nghĩa rất quan trọng - layering. Cho d&ugrave; m&ugrave;a thu của bạn ở một nơi n&agrave;o đ&oacute; tr&ecirc;n thế giới lạnh hơn nhiều hay nếu bạn may mắn thấy m&ugrave;a thu ấm &aacute;p, ch&uacute;ng ta ở đ&acirc;y đ&atilde; thu thập được rất nhiều nguồn cảm hứng về trang phục kh&aacute;c nhau để bạn c&oacute; thể bắt đầu m&ugrave;a thu một c&aacute;ch ch&iacute;nh x&aacute;c.</p>\r\n\r\n<p><img alt=\"Những món đồ đàn ông nên có cho mùa thu - 1\" src=\"https://cdn.24h.com.vn/upload/3-2022/images/2022-09-09/Nhung-mon-do-dan-ong-nen-co-cho-mua-thu-3-1662715048-254-width540height597.jpg\" /></p>\r\n\r\n<p>Đối với một số người, m&ugrave;a thu l&agrave; một chiếc &aacute;o kho&aacute;c denim v&agrave; quần chinos đơn giản được th&ecirc;m v&agrave;o, một sự kết hợp m&aacute;t mẻ nhưng lu&ocirc;n thời trang. Bất cứ điều g&igrave; bạn đang t&igrave;m kiếm, cho d&ugrave; đ&oacute; l&agrave; phong c&aacute;ch m&ugrave;a thu giản dị hơn hay phong c&aacute;ch trang trọng hơn, h&atilde;y xem một số trang phục dưới đ&acirc;y để c&oacute; &yacute; tưởng hay về c&aacute;ch ăn mặc cho m&ugrave;a thu.</p>\r\n\r\n<p><strong>C&aacute;c mặt h&agrave;ng quần &aacute;o quan trọng cho m&ugrave;a thu</strong></p>\r\n\r\n<p>Dưới đ&acirc;y l&agrave; một v&agrave;i m&oacute;n đồ ch&iacute;nh m&agrave; bạn sẽ muốn c&oacute; trong tủ quần &aacute;o của m&igrave;nh trong m&ugrave;a n&agrave;y.</p>\r\n\r\n<p>&Aacute;o hoodie: kh&ocirc;ng g&igrave; ấm &aacute;p v&agrave; ph&ugrave; hợp hơn cho m&ugrave;a n&agrave;y hơn một chiếc &aacute;o hoodie qu&aacute; khổ, được may vừa vặn!</p>\r\n\r\n<p>&Aacute;o gi&oacute;: H&atilde;y đối mặt với n&oacute;, những năm 1990 đ&atilde; trở lại. H&atilde;y sắm cho m&igrave;nh một chiếc &aacute;o gi&oacute; ph&ugrave; hợp với m&ugrave;a v&agrave; hợp thời trang.</p>\r\n\r\n<p>&Aacute;o kho&aacute;c ngo&agrave;i: đối với những buổi tối đi chơi, hoặc đến văn ph&ograve;ng, kh&ocirc;ng c&oacute; g&igrave; gọi l&agrave; đẳng cấp hơn.</p>\r\n\r\n<p>Quần len: tr&ocirc;ng s&agrave;nh điệu v&agrave; giữ ấm cho đ&ocirc;i ch&acirc;n của bạn, một lựa chọn quần được đ&aacute;nh gi&aacute; tuyệt vời.</p>\r\n\r\n<p>&Aacute;o len: c&oacute; một l&yacute; do m&agrave; b&agrave;i h&aacute;t được gọi l&agrave; thời tiết &aacute;o len.</p>\r\n\r\n<p>&Aacute;o kho&aacute;c denim: cả mặc thường ng&agrave;y v&agrave; mặc đi chơi, &aacute;o kho&aacute;c denim chắc chắn v&agrave; l&agrave; sự lựa chọn tuyệt vời cho m&ugrave;a n&agrave;y.</p>\r\n\r\n<p>Flannel: tuyệt vời cho layering v&agrave;&nbsp;mang chiếc &aacute;o l&oacute;t b&ecirc;n trong của bạn ra ngo&agrave;i. Ch&uacute;ng ta th&iacute;ch một loại vải nỉ nặng c&oacute; thể tự mặc được.</p>\r\n\r\n<p>Quarter Zip: tuyệt vời cho d&ugrave; bạn đang đi l&agrave;m hay đến cửa h&agrave;ng tạp h&oacute;a.</p>\r\n\r\n<p><img alt=\"Những món đồ đàn ông nên có cho mùa thu - 2\" src=\"https://cdn.24h.com.vn/upload/3-2022/images/2022-09-09/Nhung-mon-do-dan-ong-nen-co-cho-mua-thu-21-1662715048-449-width569height912.jpeg\" /></p>\r\n\r\n<p><img alt=\"Những món đồ đàn ông nên có cho mùa thu - 3\" src=\"https://cdn.24h.com.vn/upload/3-2022/images/2022-09-09/Nhung-mon-do-dan-ong-nen-co-cho-mua-thu-20-1662715048-328-width746height904.jpeg\" /></p>\r\n\r\n<p><img alt=\"Những món đồ đàn ông nên có cho mùa thu - 4\" src=\"https://cdn.24h.com.vn/upload/3-2022/images/2022-09-09/Nhung-mon-do-dan-ong-nen-co-cho-mua-thu-19-1662715048-353-width436height656.jpg\" /></p>\r\n\r\n<p><img alt=\"Những món đồ đàn ông nên có cho mùa thu - 5\" src=\"https://cdn.24h.com.vn/upload/3-2022/images/2022-09-09/Nhung-mon-do-dan-ong-nen-co-cho-mua-thu-18-1662715048-60-width540height777.jpg\" /></p>\r\n\r\n<p><img alt=\"Những món đồ đàn ông nên có cho mùa thu - 6\" src=\"https://cdn.24h.com.vn/upload/3-2022/images/2022-09-09/Nhung-mon-do-dan-ong-nen-co-cho-mua-thu-16-1662715048-328-width563height660.jpg\" /></p>\r\n\r\n<p><img alt=\"Những món đồ đàn ông nên có cho mùa thu - 7\" src=\"https://cdn.24h.com.vn/upload/3-2022/images/2022-09-09/Nhung-mon-do-dan-ong-nen-co-cho-mua-thu-15-1662715048-870-width563height660.jpg\" /></p>\r\n\r\n<p><img alt=\"Những món đồ đàn ông nên có cho mùa thu - 8\" src=\"https://cdn.24h.com.vn/upload/3-2022/images/2022-09-09/Nhung-mon-do-dan-ong-nen-co-cho-mua-thu-14-1662715048-172-width736height908.jpg\" /></p>\r\n\r\n<p><img alt=\"Những món đồ đàn ông nên có cho mùa thu - 9\" src=\"https://cdn.24h.com.vn/upload/3-2022/images/2022-09-09/Nhung-mon-do-dan-ong-nen-co-cho-mua-thu-13-1662715048-544-width563height660.jpg\" /></p>\r\n\r\n<p><img alt=\"Những món đồ đàn ông nên có cho mùa thu - 10\" src=\"https://cdn.24h.com.vn/upload/3-2022/images/2022-09-09/Nhung-mon-do-dan-ong-nen-co-cho-mua-thu-12-1662715048-429-width564height846.jpg\" /></p>\r\n\r\n<p><img alt=\"Những món đồ đàn ông nên có cho mùa thu - 11\" src=\"https://cdn.24h.com.vn/upload/3-2022/images/2022-09-09/Nhung-mon-do-dan-ong-nen-co-cho-mua-thu-11-1662715048-816-width563height660.jpg\" /></p>\r\n\r\n<p><img alt=\"Những món đồ đàn ông nên có cho mùa thu - 12\" src=\"https://cdn.24h.com.vn/upload/3-2022/images/2022-09-09/Nhung-mon-do-dan-ong-nen-co-cho-mua-thu-10-1662715048-176-width564height564.jpg\" /></p>\r\n\r\n<p><img alt=\"Những món đồ đàn ông nên có cho mùa thu - 13\" src=\"https://cdn.24h.com.vn/upload/3-2022/images/2022-09-09/Nhung-mon-do-dan-ong-nen-co-cho-mua-thu-9-1662715048-148-width564height564.jpg\" /></p>\r\n\r\n<p><img alt=\"Những món đồ đàn ông nên có cho mùa thu - 14\" src=\"https://cdn.24h.com.vn/upload/3-2022/images/2022-09-09/Nhung-mon-do-dan-ong-nen-co-cho-mua-thu-8-1662715048-374-width563height845.jpg\" /></p>\r\n\r\n<p><img alt=\"Những món đồ đàn ông nên có cho mùa thu - 15\" src=\"https://cdn.24h.com.vn/upload/3-2022/images/2022-09-09/Nhung-mon-do-dan-ong-nen-co-cho-mua-thu-7-1662715048-988-width400height600.jpg\" /></p>\r\n\r\n<p><img alt=\"Những món đồ đàn ông nên có cho mùa thu - 16\" src=\"https://cdn.24h.com.vn/upload/3-2022/images/2022-09-09/Nhung-mon-do-dan-ong-nen-co-cho-mua-thu-6-1662715048-868-width564height939.jpg\" /></p>\r\n\r\n<p><img alt=\"Những món đồ đàn ông nên có cho mùa thu - 17\" src=\"https://cdn.24h.com.vn/upload/3-2022/images/2022-09-09/Nhung-mon-do-dan-ong-nen-co-cho-mua-thu-5-1662715048-777-width564height564.jpg\" /></p>\r\n\r\n<p><img alt=\"Những món đồ đàn ông nên có cho mùa thu - 18\" src=\"https://cdn.24h.com.vn/upload/3-2022/images/2022-09-09/Nhung-mon-do-dan-ong-nen-co-cho-mua-thu-4-1662715048-371-width746height763.jpeg\" /></p>", "create": "2022-11-09T03:05:13.900Z", "update": "2022-12-12T15:27:03.584Z"}}, {"model": "app.blogs", "pk": 3, "fields": {"blog_title": "5 mẹo giúp phái mạnh diện đồ đơn giản nhưng sang", "blog_slug": "5-meo-giup-phai-manh-dien-o-on-gian-nhung-sang", "blog_image": "image/blog/2022-12-12/blog_3.jpg", "bolg_user": 1, "blog_content": "<h2>C&oacute; ai từng thắc mắc tại sao đ&agrave;n &ocirc;ng Nhật d&ugrave; ăn mặc giản dị nhưng lại tr&ocirc;ng sang như vậy kh&ocirc;ng? Dưới đ&acirc;y l&agrave; những mẹo gi&uacute;p bạn mặc đơn giản nhưng lu&ocirc;n thu h&uacute;t?</h2>\r\n\r\n<p>Sự kiện:&nbsp;<a href=\"https://www.24h.com.vn/men-style-guide-c78e6000.html\" title=\"Đàn ông sành điệu\">Đ&agrave;n &ocirc;ng s&agrave;nh điệu</a></p>\r\n\r\n<p><strong>C&aacute;c c&ocirc; g&aacute;i c&oacute; thực sự th&iacute;ch những người đ&agrave;n &ocirc;ng ăn mặc giản dị?</strong></p>\r\n\r\n<p>Một cuộc khảo s&aacute;t với 899 phụ nữ Nhật Bản tr&ecirc;n khắp đất nước trong độ tuổi từ 10 đến 60 về c&aacute;ch đ&agrave;n &ocirc;ng ăn mặc v&agrave; kế quả l&agrave;:</p>\r\n\r\n<p>C&oacute; tới 70,3% th&iacute;ch những người đ&agrave;n &ocirc;ng ăn mặc giản dị v&agrave; kh&ocirc;ng l&ograve;e loẹt, tại sao? H&atilde;y c&ugrave;ng xem &yacute; kiến ​​của c&aacute;c c&ocirc; g&aacute;i.</p>\r\n\r\n<p><em>L&yacute; do tại phụ nữ th&iacute;ch những người đ&agrave;n &ocirc;ng mặc quần &aacute;o đơn giản:</em></p>\r\n\r\n<p>Tr&ocirc;ng sạch sẽ.</p>\r\n\r\n<p>Tr&ocirc;ng trưởng th&agrave;nh.</p>\r\n\r\n<p>Cảm gi&aacute;c quần &aacute;o gọn g&agrave;ng.</p>\r\n\r\n<p>Cảm gi&aacute;c thoải m&aacute;i, kh&ocirc;ng nặng nề.</p>\r\n\r\n<p>Sự đơn giản đem đến vẻ đẹp.</p>\r\n\r\n<p><strong>Mẹo ăn mặc đơn giản để c&aacute;c ch&agrave;ng trai được y&ecirc;u th&iacute;ch l&agrave;:</strong></p>\r\n\r\n<p><strong>Nhấn mạnh phần tr&ecirc;n cơ thể</strong></p>\r\n\r\n<p>&nbsp;</p>\r\n\r\n<p><img alt=\"5 mẹo giúp phái mạnh diện đồ đơn giản nhưng sang - 1\" src=\"https://cdn.24h.com.vn/upload/4-2022/images/2022-10-20/5-meo-giup-phai-manh-dien-do-don-gian-nhung-sang-1-1666262051-561-width1024height1024.jpg\" /></p>\r\n\r\n<p>&nbsp;</p>\r\n\r\n<p>&nbsp;</p>\r\n\r\n<p>B&iacute; quyết n&agrave;y kh&ocirc;ng chỉ d&agrave;nh cho c&aacute;c ch&agrave;ng trai m&agrave; cả c&aacute;c qu&yacute; c&ocirc; cũng &aacute;p dụng. Thường chỉ tập trung v&agrave;o phần tr&ecirc;n cơ thể của ch&uacute;ng ta v&iacute; dụ như khi đi dự tiệc hay đi nhậu, khi ngồi sẽ chỉ nh&igrave;n thấy phần tr&ecirc;n của quần &aacute;o. Khi chụp ảnh, bạn chỉ c&oacute; thể nh&igrave;n thấy phần tr&ecirc;n c&ugrave;ng. Nhưng kh&ocirc;ng phải l&uacute;c n&agrave;o bạn cũng phải sử dụng những m&oacute;n đồ thứ đắt tiền, ngay cả khi đ&oacute; l&agrave; những bộ quần &aacute;o rẻ tiền. Nhưng nếu bạn chọn một chiếc &aacute;o tr&ocirc;ng cuốn h&uacute;t hoặc đơn giản chỉ l&agrave; vừa vặn, t&ocirc;n d&aacute;ng th&igrave; c&aacute;c ch&agrave;ng đ&atilde; ghi điểm rồi.</p>\r\n\r\n<p><strong>&Aacute;o sơ mi trắng ấn tượng nhất</strong></p>\r\n\r\n<p><img alt=\"5 mẹo giúp phái mạnh diện đồ đơn giản nhưng sang - 2\" src=\"https://cdn.24h.com.vn/upload/4-2022/images/2022-10-20/5-meo-giup-phai-manh-dien-do-don-gian-nhung-sang-4-1666262051-111-width564height752.jpg\" /></p>\r\n\r\n<p>&Aacute;o sơ mi c&oacute; nhiều m&agrave;u sắc kh&aacute;c nhau gi&uacute;p nam giới tr&ocirc;ng phong độ như đen, x&aacute;m v&agrave; kaki nhưng đẹp nhất vẫn l&agrave; m&agrave;u trắng. &Aacute;o sơ mi trắng l&agrave;m cho khu&ocirc;n mặt tr&ocirc;ng tươi s&aacute;ng hơn, c&ograve;n &aacute;o m&agrave;u x&aacute;m khi đổ mồ h&ocirc;i sẽ bị lộ mồ h&ocirc;i, m&agrave;u kaki c&oacute; thể hơi nhạt nhẽo c&ograve;n &aacute;o m&agrave;u đen sẽ c&oacute; cảm gi&aacute;c chảnh v&agrave; kh&oacute; gần.</p>\r\n\r\n<p><strong>&Aacute;o kho&aacute;c sang</strong></p>\r\n\r\n<p><img alt=\"5 mẹo giúp phái mạnh diện đồ đơn giản nhưng sang - 3\" src=\"https://cdn.24h.com.vn/upload/4-2022/images/2022-10-20/5-meo-giup-phai-manh-dien-do-don-gian-nhung-sang-2-1666262051-615-width800height800.jpg\" /></p>\r\n\r\n<p>Nhiều loại &aacute;o kho&aacute;c ngo&agrave;i d&ugrave; l&agrave; &aacute;o kho&aacute;c phao, &aacute;o len, &aacute;o dạ hay suit th&igrave; cũng n&ecirc;n chọn m&agrave;u sắc tối giản, kiểu d&aacute;ng đơn giản để tạo sự sang trọng. Ngo&agrave;i ra, &aacute;o kho&aacute;c phải vừa vặn người v&agrave; c&oacute; m&agrave;u sắc dễ phối, tạo sự phong độ cho c&aacute;c ch&agrave;ng trai như m&agrave;u xanh qu&acirc;n đội, xanh navy, x&aacute;m&hellip; Kh&ocirc;ng n&ecirc;n mặc &aacute;o kho&aacute;c qu&aacute; d&agrave;y v&igrave; khiến cho c&aacute;c ch&agrave;ng tr&ocirc;ng l&ocirc;i th&ocirc;i.</p>\r\n\r\n<p><strong>Kh&ocirc;ng nhất thiết phải c&oacute; nhiều phụ kiện</strong></p>\r\n\r\n<p><img alt=\"5 mẹo giúp phái mạnh diện đồ đơn giản nhưng sang - 4\" src=\"https://cdn.24h.com.vn/upload/4-2022/images/2022-10-20/5-meo-giup-phai-manh-dien-do-don-gian-nhung-sang-3-1666262051-64-width1024height1280.jpg\" /></p>\r\n\r\n<p>Một số người c&oacute; thể nghĩ rằng muốn ăn mặc đẹp v&agrave; bắt mắt th&igrave; phải c&oacute; phụ kiện nhưng như vậy kh&ocirc;ng phải l&uacute;c n&agrave;o tr&ocirc;ng cũng đẹp. Chẳng hạn như đ&agrave;n &ocirc;ng kh&ocirc;ng n&ecirc;n vừa đeo k&iacute;nh, vừa đội mũ v&igrave; khiến gương mặt nặng nề. Hoặc ch&agrave;ng cũng kh&ocirc;ng n&ecirc;n đeo nhiều đồ trang sức v&igrave; ch&uacute;ng dễ ph&aacute;t ra tiếng k&ecirc;u hoặc khiến ph&aacute;i mạnh tr&ocirc;ng luộm thuộm.</p>", "create": "2022-11-09T03:06:19.760Z", "update": "2022-12-12T15:26:50.924Z"}}, {"model": "app.colectfilterprice", "pk": 1, "fields": {"title": "0 - 200000", "slug": "0-200000", "min": 0, "max": 200000, "create": "2022-11-10T03:43:57.772Z", "update": "2022-11-10T03:45:32.724Z"}}, {"model": "app.colectfilterprice", "pk": 2, "fields": {"title": "200000 - 500000", "slug": "200000-500000", "min": 200000, "max": 500000, "create": "2022-11-10T03:45:43.447Z", "update": "2022-11-10T03:45:43.447Z"}}, {"model": "app.colectfilterprice", "pk": 3, "fields": {"title": "500000 - 1000000", "slug": "500000-1000000", "min": 500000, "max": 1000000, "create": "2022-11-10T03:45:53.306Z", "update": "2022-11-10T03:45:53.306Z"}}, {"model": "app.colectfilterprice", "pk": 4, "fields": {"title": "1000000 - 2000000", "slug": "1000000-2000000", "min": 1000000, "max": 2000000, "create": "2022-11-10T03:46:05.809Z", "update": "2022-11-10T03:46:05.809Z"}}, {"model": "app.colectfilterprice", "pk": 5, "fields": {"title": "2000000 - 50000000", "slug": "2000000-50000000", "min": 2000000, "max": 50000000, "create": "2022-11-10T03:46:22.914Z", "update": "2022-11-10T03:46:22.914Z"}}, {"model": "app.collectsize", "pk": 1, "fields": {"title": "S", "slug": "s", "create": "2022-11-10T04:22:44.641Z", "update": "2022-11-10T04:22:44.641Z"}}, {"model": "app.collectsize", "pk": 2, "fields": {"title": "M", "slug": "m", "create": "2022-11-10T04:22:48.261Z", "update": "2022-11-10T04:22:48.261Z"}}, {"model": "app.collectsize", "pk": 3, "fields": {"title": "L", "slug": "l", "create": "2022-11-10T04:22:52.484Z", "update": "2022-11-10T04:22:52.484Z"}}, {"model": "app.collectsize", "pk": 4, "fields": {"title": "XL", "slug": "xl", "create": "2022-11-10T04:22:55.989Z", "update": "2022-11-10T04:22:55.989Z"}}, {"model": "app.collectsize", "pk": 5, "fields": {"title": "XXL", "slug": "xxl", "create": "2022-11-10T04:22:59.478Z", "update": "2022-11-10T04:22:59.478Z"}}, {"model": "app.collectsize", "pk": 6, "fields": {"title": "3XL", "slug": "3xl", "create": "2022-11-10T04:23:03.191Z", "update": "2022-11-10T14:54:28.699Z"}}, {"model": "app.collectsize", "pk": 7, "fields": {"title": "4XL", "slug": "4xl", "create": "2022-11-10T04:23:07.843Z", "update": "2022-11-10T14:54:23.001Z"}}, {"model": "app.collectsize", "pk": 8, "fields": {"title": "XS", "slug": "xs", "create": "2022-11-10T04:23:29.774Z", "update": "2022-11-10T04:23:29.774Z"}}, {"model": "app.color", "pk": 1, "fields": {"title": "đen", "slug": "black", "code": "#000000", "create": "2022-11-10T08:07:42.698Z", "update": "2022-12-12T03:31:11.047Z"}}, {"model": "app.color", "pk": 2, "fields": {"title": "xanh da trời", "slug": "blue", "code": "#337ab7", "create": "2022-11-10T08:08:12.650Z", "update": "2022-12-12T03:31:04.547Z"}}, {"model": "app.color", "pk": 3, "fields": {"title": "đỏ", "slug": "red", "code": "#cf211d", "create": "2022-11-10T08:08:30.103Z", "update": "2022-12-12T03:30:59.081Z"}}, {"model": "app.color", "pk": 4, "fields": {"title": "xanh lá cây", "slug": "green", "code": "#16d219", "create": "2022-11-10T08:08:45.165Z", "update": "2022-12-12T03:30:53.297Z"}}, {"model": "app.color", "pk": 5, "fields": {"title": "trắng", "slug": "white", "code": "#ffffff", "create": "2022-11-10T08:09:14.228Z", "update": "2022-12-12T03:30:47.040Z"}}, {"model": "app.color", "pk": 6, "fields": {"title": "vàng", "slug": "yellow", "code": "#eee20d", "create": "2022-11-10T08:09:44.848Z", "update": "2022-12-12T03:30:40.321Z"}}, {"model": "app.color", "pk": 7, "fields": {"title": "màu tím", "slug": "violet", "code": "#d508ec", "create": "2022-11-10T08:10:26.481Z", "update": "2022-12-12T03:30:33.024Z"}}, {"model": "app.color", "pk": 8, "fields": {"title": "màu hồng", "slug": "pink", "code": "#eb61bc", "create": "2022-11-10T08:10:50.026Z", "update": "2022-12-12T03:30:23.689Z"}}, {"model": "app.color", "pk": 9, "fields": {"title": "cafe", "slug": "cafe", "code": "#e1dcc5", "create": "2022-11-10T08:11:11.667Z", "update": "2022-11-10T08:11:11.667Z"}}, {"model": "app.producttype", "pk": 1, "fields": {"product": 9, "color": 1, "size": 1}}, {"model": "app.producttype", "pk": 2, "fields": {"product": 9, "color": 2, "size": 2}}, {"model": "app.producttype", "pk": 3, "fields": {"product": 9, "color": 3, "size": 3}}, {"model": "app.producttype", "pk": 4, "fields": {"product": 9, "color": 4, "size": 5}}, {"model": "app.producttype", "pk": 5, "fields": {"product": 8, "color": 5, "size": 6}}, {"model": "app.producttype", "pk": 6, "fields": {"product": 8, "color": 4, "size": 7}}, {"model": "app.producttype", "pk": 7, "fields": {"product": 8, "color": 6, "size": 4}}, {"model": "app.producttype", "pk": 8, "fields": {"product": 5, "color": 7, "size": 5}}, {"model": "app.producttype", "pk": 9, "fields": {"product": 5, "color": 5, "size": 6}}, {"model": "app.producttype", "pk": 10, "fields": {"product": 5, "color": 3, "size": 7}}, {"model": "app.producttype", "pk": 11, "fields": {"product": 1, "color": 1, "size": 1}}, {"model": "app.producttype", "pk": 12, "fields": {"product": 1, "color": 3, "size": 2}}, {"model": "app.producttype", "pk": 13, "fields": {"product": 1, "color": 2, "size": 3}}, {"model": "app.producttype", "pk": 14, "fields": {"product": 7, "color": 2, "size": 2}}, {"model": "app.producttype", "pk": 15, "fields": {"product": 7, "color": 5, "size": 3}}, {"model": "app.producttype", "pk": 16, "fields": {"product": 7, "color": 7, "size": 4}}, {"model": "app.producttype", "pk": 17, "fields": {"product": 7, "color": 6, "size": 6}}, {"model": "app.producttype", "pk": 18, "fields": {"product": 6, "color": 2, "size": 2}}, {"model": "app.producttype", "pk": 19, "fields": {"product": 6, "color": 1, "size": 4}}, {"model": "app.producttype", "pk": 20, "fields": {"product": 6, "color": 9, "size": 5}}, {"model": "app.producttype", "pk": 21, "fields": {"product": 4, "color": 2, "size": 2}}, {"model": "app.producttype", "pk": 22, "fields": {"product": 4, "color": 5, "size": 5}}, {"model": "app.producttype", "pk": 23, "fields": {"product": 4, "color": 7, "size": 6}}, {"model": "app.producttype", "pk": 24, "fields": {"product": 3, "color": 2, "size": 2}}, {"model": "app.producttype", "pk": 25, "fields": {"product": 3, "color": 5, "size": 4}}, {"model": "app.producttype", "pk": 26, "fields": {"product": 3, "color": 7, "size": 6}}, {"model": "app.producttype", "pk": 27, "fields": {"product": 2, "color": 2, "size": 2}}, {"model": "app.producttype", "pk": 28, "fields": {"product": 2, "color": 1, "size": 6}}, {"model": "app.producttype", "pk": 29, "fields": {"product": 2, "color": 6, "size": 7}}, {"model": "app.producttype", "pk": 30, "fields": {"product": 10, "color": 2, "size": 2}}, {"model": "app.producttype", "pk": 31, "fields": {"product": 10, "color": 4, "size": 4}}, {"model": "app.producttype", "pk": 32, "fields": {"product": 10, "color": 6, "size": 6}}, {"model": "app.profile", "pk": "010aa604-9d2d-42c2-9c83-70df4b122e61", "fields": {"name": "anonymous", "address": "", "phone": "", "note": "", "create": "2022-12-10T15:52:22.245Z", "update": "2022-12-10T15:52:22.245Z"}}, {"model": "app.profile", "pk": "05eeb189-9cad-4301-b985-67b8a058cf79", "fields": {"name": "anonymous", "address": "", "phone": "", "note": "", "create": "2022-12-10T15:59:27.702Z", "update": "2022-12-10T15:59:27.702Z"}}, {"model": "app.profile", "pk": "25ef08cb-acd2-4654-9262-04978abb9f19", "fields": {"name": "anonymous", "address": "", "phone": "", "note": "", "create": "2022-12-10T15:46:23.355Z", "update": "2022-12-10T15:46:23.355Z"}}, {"model": "app.profile", "pk": "2743ed89-9afa-4e19-9ec0-565d2b125471", "fields": {"name": "Vua so dep", "address": "BMT-Buôn Ma Thuột", "phone": "0888753753", "note": "tuan dat hang", "create": "2022-12-10T16:17:04.351Z", "update": "2022-12-11T06:19:36.865Z"}}, {"model": "app.profile", "pk": "30261431-d731-4878-8b55-597eaa61cae2", "fields": {"name": "anonymous", "address": "", "phone": "", "note": "", "create": "2022-12-10T15:49:34.801Z", "update": "2022-12-10T15:49:34.801Z"}}, {"model": "app.profile", "pk": "30545b89-8503-43a1-8482-3b04279dc2e9", "fields": {"name": "anonymous", "address": "", "phone": "", "note": "", "create": "2022-12-10T15:56:19.691Z", "update": "2022-12-10T15:56:19.691Z"}}, {"model": "app.profile", "pk": "33829f3e-5f3d-41d0-9c9a-a9c37062c75f", "fields": {"name": "anonymous", "address": "", "phone": "", "note": "", "create": "2022-12-10T16:09:03.442Z", "update": "2022-12-10T16:09:03.442Z"}}, {"model": "app.profile", "pk": "37221b82-1602-4920-adb9-b7c727756e10", "fields": {"name": "anonymous", "address": "", "phone": "", "note": "", "create": "2022-11-18T04:51:30.397Z", "update": "2022-11-18T04:51:30.397Z"}}, {"model": "app.profile", "pk": "3a17a4a3-71ea-4ef4-9c1e-66bb0d219195", "fields": {"name": "anonymous", "address": "", "phone": "", "note": "", "create": "2022-11-18T05:24:48.447Z", "update": "2022-11-18T05:24:48.447Z"}}, {"model": "app.profile", "pk": "5c77a2d6-d93d-46a2-9eb0-a4d52825cab3", "fields": {"name": "anonymous", "address": "", "phone": "", "note": "", "create": "2022-12-10T16:03:00.909Z", "update": "2022-12-10T16:03:00.909Z"}}, {"model": "app.profile", "pk": "6fd85a98-ad9f-40c5-a289-dbf54a5e3a24", "fields": {"name": "anonymous", "address": "", "phone": "", "note": "", "create": "2022-12-10T15:46:23.506Z", "update": "2022-12-10T15:46:23.506Z"}}, {"model": "app.profile", "pk": "7b195208-7f1b-4829-b21d-c3b12f5af834", "fields": {"name": "anonymous", "address": "", "phone": "", "note": "", "create": "2022-11-20T05:50:43.281Z", "update": "2022-11-20T05:50:43.281Z"}}, {"model": "app.profile", "pk": "87bc8e29-6297-4837-944d-3b0cabaa3e83", "fields": {"name": "anonymous", "address": "", "phone": "", "note": "", "create": "2022-12-10T15:56:19.691Z", "update": "2022-12-10T15:56:19.691Z"}}, {"model": "app.profile", "pk": "8b3cd706-c752-494a-a83a-77cbb650fdc1", "fields": {"name": "anonymous", "address": "", "phone": null, "note": "", "create": "2022-11-17T16:02:04.560Z", "update": "2022-11-17T16:02:04.560Z"}}, {"model": "app.profile", "pk": "8f401cfd-8d29-4e5a-b791-5f475660b987", "fields": {"name": "Khắc Phú Thọ", "address": "Tâ hòa-Buôn Ma Thuột", "phone": "0947222247", "note": "gioa hàng nhanh", "create": "2022-12-10T16:12:21.805Z", "update": "2022-12-10T16:13:25.926Z"}}, {"model": "app.profile", "pk": "9019674c-5587-417c-b725-c3c3b9fa4157", "fields": {"name": "anonymous", "address": "", "phone": "", "note": "", "create": "2022-12-10T15:46:23.499Z", "update": "2022-12-10T15:46:23.499Z"}}, {"model": "app.profile", "pk": "a5281ad1-73f7-468f-8707-e35dab91a916", "fields": {"name": "anonymous", "address": "", "phone": "", "note": "", "create": "2022-12-10T15:52:22.426Z", "update": "2022-12-10T15:52:22.426Z"}}, {"model": "app.profile", "pk": "baf6a637-f0f0-47f1-ac79-5317fbe30613", "fields": {"name": "anonymous", "address": "", "phone": "", "note": "", "create": "2022-11-18T04:56:58.809Z", "update": "2022-11-18T04:56:58.809Z"}}, {"model": "app.profile", "pk": "c046a1ea-e891-4cb2-844d-7c2c2aa52de1", "fields": {"name": "Sim viet", "address": "tan hoa-Buôn Ma Thuột", "phone": "0905129129", "note": "ok", "create": "2022-11-18T11:20:02.560Z", "update": "2022-11-20T13:52:42.704Z"}}, {"model": "app.profile", "pk": "c2c3a3a7-7c98-4b6e-8ecf-ed6ef0d1cf90", "fields": {"name": "anonymous", "address": "", "phone": "", "note": "", "create": "2022-11-17T16:49:14.782Z", "update": "2022-11-17T16:49:14.782Z"}}, {"model": "app.profile", "pk": "c890a960-25d8-4be9-8305-37049012037d", "fields": {"name": "anonymous", "address": "", "phone": "", "note": "", "create": "2022-12-10T15:56:18.189Z", "update": "2022-12-10T15:56:18.189Z"}}, {"model": "app.profile", "pk": "cb8a8bcf-bc5a-4381-911e-830cecdee35c", "fields": {"name": "anonymous", "address": "", "phone": "", "note": "", "create": "2022-12-10T15:49:34.801Z", "update": "2022-12-10T15:49:34.801Z"}}, {"model": "app.profile", "pk": "cd442203-4d75-4a0f-9720-88360cdc9e6a", "fields": {"name": "anonymous", "address": "", "phone": "", "note": "", "create": "2022-12-10T15:49:34.622Z", "update": "2022-12-10T15:49:34.622Z"}}, {"model": "app.profile", "pk": "db156b22-ab6c-4a34-a680-3b74074379ed", "fields": {"name": "anonymous", "address": "", "phone": "", "note": "", "create": "2022-12-10T15:52:22.428Z", "update": "2022-12-10T15:52:22.428Z"}}, {"model": "app.order", "pk": 1, "fields": {"status": "ready", "profile_id": "c046a1ea-e891-4cb2-844d-7c2c2aa52de1", "coupon": null, "coupon_value": 0, "subtotal": 299000, "total": 299000, "delivery_fee": 30000, "create": "2022-11-19T08:08:35.901Z", "update": "2022-11-19T08:08:35.901Z"}}, {"model": "app.order", "pk": 2, "fields": {"status": "ready", "profile_id": "c046a1ea-e891-4cb2-844d-7c2c2aa52de1", "coupon": null, "coupon_value": 0, "subtotal": 299000, "total": 299000, "delivery_fee": 30000, "create": "2022-11-19T08:22:57.473Z", "update": "2022-11-19T08:22:57.473Z"}}, {"model": "app.order", "pk": 3, "fields": {"status": "ready", "profile_id": "c046a1ea-e891-4cb2-844d-7c2c2aa52de1", "coupon": null, "coupon_value": 0, "subtotal": 299000, "total": 299000, "delivery_fee": 30000, "create": "2022-11-19T08:26:43.304Z", "update": "2022-11-19T08:26:43.304Z"}}, {"model": "app.order", "pk": 4, "fields": {"status": "ready", "profile_id": "c046a1ea-e891-4cb2-844d-7c2c2aa52de1", "coupon": null, "coupon_value": 0, "subtotal": 299000, "total": 299000, "delivery_fee": 30000, "create": "2022-11-19T08:38:33.056Z", "update": "2022-11-19T08:38:33.056Z"}}, {"model": "app.order", "pk": 5, "fields": {"status": "ready", "profile_id": "c046a1ea-e891-4cb2-844d-7c2c2aa52de1", "coupon": null, "coupon_value": 0, "subtotal": 299000, "total": 299000, "delivery_fee": 30000, "create": "2022-11-19T08:41:41.516Z", "update": "2022-11-19T08:41:41.517Z"}}, {"model": "app.order", "pk": 6, "fields": {"status": "ready", "profile_id": "c046a1ea-e891-4cb2-844d-7c2c2aa52de1", "coupon": null, "coupon_value": 0, "subtotal": 299000, "total": 299000, "delivery_fee": 30000, "create": "2022-11-19T08:53:05.768Z", "update": "2022-11-19T08:53:05.768Z"}}, {"model": "app.order", "pk": 7, "fields": {"status": "ready", "profile_id": "c046a1ea-e891-4cb2-844d-7c2c2aa52de1", "coupon": null, "coupon_value": 0, "subtotal": 299000, "total": 299000, "delivery_fee": 30000, "create": "2022-11-20T03:48:52.557Z", "update": "2022-11-20T03:48:52.557Z"}}, {"model": "app.order", "pk": 8, "fields": {"status": "ready", "profile_id": "c046a1ea-e891-4cb2-844d-7c2c2aa52de1", "coupon": null, "coupon_value": 0, "subtotal": 299000, "total": 299000, "delivery_fee": 30000, "create": "2022-11-20T03:49:53.976Z", "update": "2022-11-20T03:49:53.976Z"}}, {"model": "app.order", "pk": 9, "fields": {"status": "ready", "profile_id": "c046a1ea-e891-4cb2-844d-7c2c2aa52de1", "coupon": null, "coupon_value": 0, "subtotal": 299000, "total": 299000, "delivery_fee": 30000, "create": "2022-11-20T03:51:10.206Z", "update": "2022-11-20T03:51:10.206Z"}}, {"model": "app.order", "pk": 10, "fields": {"status": "ready", "profile_id": "c046a1ea-e891-4cb2-844d-7c2c2aa52de1", "coupon": null, "coupon_value": 0, "subtotal": 299000, "total": 299000, "delivery_fee": 30000, "create": "2022-11-20T03:57:00.285Z", "update": "2022-11-20T03:57:00.285Z"}}, {"model": "app.order", "pk": 11, "fields": {"status": "ready", "profile_id": "c046a1ea-e891-4cb2-844d-7c2c2aa52de1", "coupon": null, "coupon_value": 0, "subtotal": 299000, "total": 299000, "delivery_fee": 30000, "create": "2022-11-20T03:57:21.384Z", "update": "2022-11-20T03:57:21.384Z"}}, {"model": "app.order", "pk": 12, "fields": {"status": "ready", "profile_id": "c046a1ea-e891-4cb2-844d-7c2c2aa52de1", "coupon": null, "coupon_value": 0, "subtotal": 299000, "total": 299000, "delivery_fee": 30000, "create": "2022-11-20T03:59:12.605Z", "update": "2022-11-20T03:59:12.605Z"}}, {"model": "app.order", "pk": 13, "fields": {"status": "ready", "profile_id": "c046a1ea-e891-4cb2-844d-7c2c2aa52de1", "coupon": null, "coupon_value": 0, "subtotal": 299000, "total": 299000, "delivery_fee": 30000, "create": "2022-11-20T03:59:58.601Z", "update": "2022-11-20T03:59:58.601Z"}}, {"model": "app.order", "pk": 14, "fields": {"status": "ready", "profile_id": "c046a1ea-e891-4cb2-844d-7c2c2aa52de1", "coupon": null, "coupon_value": 0, "subtotal": 299000, "total": 299000, "delivery_fee": 30000, "create": "2022-11-20T04:01:15.107Z", "update": "2022-11-20T04:01:15.107Z"}}, {"model": "app.order", "pk": 15, "fields": {"status": "ready", "profile_id": "c046a1ea-e891-4cb2-844d-7c2c2aa52de1", "coupon": null, "coupon_value": 0, "subtotal": 299000, "total": 299000, "delivery_fee": 30000, "create": "2022-11-20T04:07:18.257Z", "update": "2022-11-20T04:07:18.257Z"}}, {"model": "app.order", "pk": 16, "fields": {"status": "ready", "profile_id": "c046a1ea-e891-4cb2-844d-7c2c2aa52de1", "coupon": null, "coupon_value": 0, "subtotal": 299000, "total": 299000, "delivery_fee": 30000, "create": "2022-11-20T05:00:33.984Z", "update": "2022-11-20T05:00:33.984Z"}}, {"model": "app.order", "pk": 17, "fields": {"status": "ready", "profile_id": "c046a1ea-e891-4cb2-844d-7c2c2aa52de1", "coupon": null, "coupon_value": 0, "subtotal": 299000, "total": 299000, "delivery_fee": 30000, "create": "2022-11-20T05:00:57.954Z", "update": "2022-11-20T05:00:57.954Z"}}, {"model": "app.order", "pk": 18, "fields": {"status": "ready", "profile_id": "c046a1ea-e891-4cb2-844d-7c2c2aa52de1", "coupon": null, "coupon_value": 0, "subtotal": 299000, "total": 299000, "delivery_fee": 30000, "create": "2022-11-20T05:01:36.602Z", "update": "2022-11-20T05:01:36.603Z"}}, {"model": "app.order", "pk": 19, "fields": {"status": "ready", "profile_id": "c046a1ea-e891-4cb2-844d-7c2c2aa52de1", "coupon": null, "coupon_value": 0, "subtotal": 299000, "total": 299000, "delivery_fee": 30000, "create": "2022-11-20T05:05:22.047Z", "update": "2022-11-20T05:05:22.047Z"}}, {"model": "app.order", "pk": 20, "fields": {"status": "ready", "profile_id": "c046a1ea-e891-4cb2-844d-7c2c2aa52de1", "coupon": null, "coupon_value": 0, "subtotal": 299000, "total": 299000, "delivery_fee": 30000, "create": "2022-11-20T05:07:19.877Z", "update": "2022-11-20T05:07:19.877Z"}}, {"model": "app.order", "pk": 21, "fields": {"status": "ready", "profile_id": "c046a1ea-e891-4cb2-844d-7c2c2aa52de1", "coupon": null, "coupon_value": 0, "subtotal": 299000, "total": 299000, "delivery_fee": 30000, "create": "2022-11-20T05:11:42.439Z", "update": "2022-11-20T05:11:42.439Z"}}, {"model": "app.order", "pk": 22, "fields": {"status": "ready", "profile_id": "c046a1ea-e891-4cb2-844d-7c2c2aa52de1", "coupon": null, "coupon_value": 0, "subtotal": 299000, "total": 299000, "delivery_fee": 30000, "create": "2022-11-20T05:11:54.597Z", "update": "2022-11-20T05:11:54.597Z"}}, {"model": "app.order", "pk": 23, "fields": {"status": "ready", "profile_id": "c046a1ea-e891-4cb2-844d-7c2c2aa52de1", "coupon": null, "coupon_value": 0, "subtotal": 299000, "total": 299000, "delivery_fee": 30000, "create": "2022-11-20T05:12:08.837Z", "update": "2022-11-20T05:12:08.837Z"}}, {"model": "app.order", "pk": 24, "fields": {"status": "ready", "profile_id": "c046a1ea-e891-4cb2-844d-7c2c2aa52de1", "coupon": null, "coupon_value": 0, "subtotal": 299000, "total": 299000, "delivery_fee": 30000, "create": "2022-11-20T05:12:37.870Z", "update": "2022-11-20T05:12:37.870Z"}}, {"model": "app.order", "pk": 25, "fields": {"status": "ready", "profile_id": "c046a1ea-e891-4cb2-844d-7c2c2aa52de1", "coupon": null, "coupon_value": 0, "subtotal": 299000, "total": 299000, "delivery_fee": 30000, "create": "2022-11-20T05:14:24.963Z", "update": "2022-11-20T05:14:24.963Z"}}, {"model": "app.order", "pk": 26, "fields": {"status": "ready", "profile_id": "c046a1ea-e891-4cb2-844d-7c2c2aa52de1", "coupon": null, "coupon_value": 0, "subtotal": 299000, "total": 299000, "delivery_fee": 30000, "create": "2022-11-20T05:17:08.404Z", "update": "2022-11-20T05:17:08.405Z"}}, {"model": "app.order", "pk": 27, "fields": {"status": "ready", "profile_id": "c046a1ea-e891-4cb2-844d-7c2c2aa52de1", "coupon": null, "coupon_value": 0, "subtotal": 299000, "total": 299000, "delivery_fee": 30000, "create": "2022-11-20T05:23:34.255Z", "update": "2022-11-20T05:23:34.255Z"}}, {"model": "app.order", "pk": 28, "fields": {"status": "ready", "profile_id": "c046a1ea-e891-4cb2-844d-7c2c2aa52de1", "coupon": null, "coupon_value": 0, "subtotal": 299000, "total": 299000, "delivery_fee": 30000, "create": "2022-11-20T15:26:06.325Z", "update": "2022-11-20T15:26:06.325Z"}}, {"model": "app.order", "pk": 29, "fields": {"status": "ready", "profile_id": "c046a1ea-e891-4cb2-844d-7c2c2aa52de1", "coupon": null, "coupon_value": 0, "subtotal": 299000, "total": 299000, "delivery_fee": 30000, "create": "2022-11-20T15:31:07.762Z", "update": "2022-11-20T15:31:07.762Z"}}, {"model": "app.order", "pk": 30, "fields": {"status": "ready", "profile_id": "c046a1ea-e891-4cb2-844d-7c2c2aa52de1", "coupon": null, "coupon_value": 0, "subtotal": 299000, "total": 299000, "delivery_fee": 30000, "create": "2022-11-20T15:35:48.995Z", "update": "2022-11-20T15:35:48.995Z"}}, {"model": "app.order", "pk": 31, "fields": {"status": "ready", "profile_id": "c046a1ea-e891-4cb2-844d-7c2c2aa52de1", "coupon": null, "coupon_value": 0, "subtotal": 299000, "total": 299000, "delivery_fee": 30000, "create": "2022-11-20T15:36:42.126Z", "update": "2022-11-20T15:36:42.126Z"}}, {"model": "app.order", "pk": 32, "fields": {"status": "ready", "profile_id": "c046a1ea-e891-4cb2-844d-7c2c2aa52de1", "coupon": null, "coupon_value": 0, "subtotal": 299000, "total": 299000, "delivery_fee": 30000, "create": "2022-11-20T15:39:05.425Z", "update": "2022-11-20T15:39:05.425Z"}}, {"model": "app.order", "pk": 33, "fields": {"status": "ready", "profile_id": "c046a1ea-e891-4cb2-844d-7c2c2aa52de1", "coupon": null, "coupon_value": 0, "subtotal": 299000, "total": 299000, "delivery_fee": 30000, "create": "2022-11-20T15:40:45.026Z", "update": "2022-11-20T15:40:45.027Z"}}, {"model": "app.order", "pk": 34, "fields": {"status": "ready", "profile_id": "c046a1ea-e891-4cb2-844d-7c2c2aa52de1", "coupon": null, "coupon_value": 0, "subtotal": 299000, "total": 299000, "delivery_fee": 30000, "create": "2022-11-20T15:44:42.676Z", "update": "2022-11-20T15:44:42.676Z"}}, {"model": "app.order", "pk": 35, "fields": {"status": "ready", "profile_id": "c046a1ea-e891-4cb2-844d-7c2c2aa52de1", "coupon": null, "coupon_value": 0, "subtotal": 299000, "total": 299000, "delivery_fee": 30000, "create": "2022-11-20T15:51:29.952Z", "update": "2022-11-20T15:51:29.952Z"}}, {"model": "app.order", "pk": 36, "fields": {"status": "ready", "profile_id": "c046a1ea-e891-4cb2-844d-7c2c2aa52de1", "coupon": null, "coupon_value": 0, "subtotal": 1087000, "total": 1087000, "delivery_fee": 30000, "create": "2022-11-20T15:56:30.194Z", "update": "2022-11-20T15:56:30.194Z"}}, {"model": "app.order", "pk": 37, "fields": {"status": "ready", "profile_id": "c046a1ea-e891-4cb2-844d-7c2c2aa52de1", "coupon": null, "coupon_value": 0, "subtotal": 1495000, "total": 1495000, "delivery_fee": 30000, "create": "2022-11-23T04:05:06.483Z", "update": "2022-11-23T04:05:06.483Z"}}, {"model": "app.order", "pk": 38, "fields": {"status": "ready", "profile_id": "c046a1ea-e891-4cb2-844d-7c2c2aa52de1", "coupon": null, "coupon_value": 0, "subtotal": 1495000, "total": 1495000, "delivery_fee": 30000, "create": "2022-11-23T04:06:22.860Z", "update": "2022-11-23T04:06:22.860Z"}}, {"model": "app.order", "pk": 39, "fields": {"status": "ready", "profile_id": "c046a1ea-e891-4cb2-844d-7c2c2aa52de1", "coupon": 2, "coupon_value": 100000, "subtotal": 399000, "total": 329000, "delivery_fee": 30000, "create": "2022-11-27T16:25:25.416Z", "update": "2022-11-27T16:25:25.416Z"}}, {"model": "app.order", "pk": 40, "fields": {"status": "ready", "profile_id": "c046a1ea-e891-4cb2-844d-7c2c2aa52de1", "coupon": 2, "coupon_value": 100000, "subtotal": 299000, "total": 229000, "delivery_fee": 30000, "create": "2022-11-29T06:16:06.785Z", "update": "2022-11-29T06:16:06.785Z"}}, {"model": "app.order", "pk": 41, "fields": {"status": "ready", "profile_id": "c046a1ea-e891-4cb2-844d-7c2c2aa52de1", "coupon": null, "coupon_value": 0, "subtotal": 520200, "total": 520200, "delivery_fee": 0, "create": "2022-11-29T06:31:45.512Z", "update": "2022-11-29T06:31:45.512Z"}}, {"model": "app.order", "pk": 42, "fields": {"status": "ready", "profile_id": "c046a1ea-e891-4cb2-844d-7c2c2aa52de1", "coupon": null, "coupon_value": 0, "subtotal": 780300, "total": 780300, "delivery_fee": 0, "create": "2022-11-29T06:56:41.092Z", "update": "2022-11-29T06:56:41.092Z"}}, {"model": "app.order", "pk": 43, "fields": {"status": "ready", "profile_id": "c046a1ea-e891-4cb2-844d-7c2c2aa52de1", "coupon": null, "coupon_value": 0, "subtotal": 260100, "total": 260100, "delivery_fee": 0, "create": "2022-11-29T07:07:48.848Z", "update": "2022-11-29T07:07:48.848Z"}}, {"model": "app.order", "pk": 44, "fields": {"status": "ready", "profile_id": "c046a1ea-e891-4cb2-844d-7c2c2aa52de1", "coupon": null, "coupon_value": 0, "subtotal": 399000, "total": 429000, "delivery_fee": 30000, "create": "2022-11-29T07:19:03.715Z", "update": "2022-11-29T07:19:03.715Z"}}, {"model": "app.order", "pk": 45, "fields": {"status": "ready", "profile_id": "c046a1ea-e891-4cb2-844d-7c2c2aa52de1", "coupon": null, "coupon_value": 0, "subtotal": 260100, "total": 260100, "delivery_fee": 0, "create": "2022-11-29T07:22:37.061Z", "update": "2022-11-29T07:22:37.061Z"}}, {"model": "app.order", "pk": 46, "fields": {"status": "ready", "profile_id": "c046a1ea-e891-4cb2-844d-7c2c2aa52de1", "coupon": null, "coupon_value": 0, "subtotal": 399000, "total": 429000, "delivery_fee": 30000, "create": "2022-11-29T07:28:10.916Z", "update": "2022-11-29T07:28:10.916Z"}}, {"model": "app.order", "pk": 47, "fields": {"status": "ready", "profile_id": "c046a1ea-e891-4cb2-844d-7c2c2aa52de1", "coupon": null, "coupon_value": 0, "subtotal": 260100, "total": 260100, "delivery_fee": 0, "create": "2022-11-29T07:30:08.072Z", "update": "2022-11-29T07:30:08.072Z"}}, {"model": "app.order", "pk": 48, "fields": {"status": "ready", "profile_id": "c046a1ea-e891-4cb2-844d-7c2c2aa52de1", "coupon": 1, "coupon_value": 50000, "subtotal": 1977300, "total": 1927300, "delivery_fee": 0, "create": "2022-11-29T14:41:47.671Z", "update": "2022-11-29T14:41:47.671Z"}}, {"model": "app.order", "pk": 49, "fields": {"status": "ready", "profile_id": "c046a1ea-e891-4cb2-844d-7c2c2aa52de1", "coupon": 1, "coupon_value": 50000, "subtotal": 260100, "total": 210100, "delivery_fee": 0, "create": "2022-11-29T14:47:43.667Z", "update": "2022-11-29T14:47:43.667Z"}}, {"model": "app.order", "pk": 50, "fields": {"status": "ready", "profile_id": "c046a1ea-e891-4cb2-844d-7c2c2aa52de1", "coupon": 1, "coupon_value": 50000, "subtotal": 688000, "total": 668000, "delivery_fee": 30000, "create": "2022-12-01T07:08:23.916Z", "update": "2022-12-01T07:08:23.916Z"}}, {"model": "app.order", "pk": 51, "fields": {"status": "ready", "profile_id": "c046a1ea-e891-4cb2-844d-7c2c2aa52de1", "coupon": null, "coupon_value": 0, "subtotal": 1087000, "total": 1087000, "delivery_fee": 0, "create": "2022-12-09T02:29:14.438Z", "update": "2022-12-09T02:29:14.438Z"}}, {"model": "app.order", "pk": 52, "fields": {"status": "ready", "profile_id": "c046a1ea-e891-4cb2-844d-7c2c2aa52de1", "coupon": null, "coupon_value": 0, "subtotal": 399000, "total": 429000, "delivery_fee": 30000, "create": "2022-12-10T01:40:05.475Z", "update": "2022-12-10T01:40:05.475Z"}}, {"model": "app.order", "pk": 53, "fields": {"status": "ready", "profile_id": "c046a1ea-e891-4cb2-844d-7c2c2aa52de1", "coupon": null, "coupon_value": 0, "subtotal": 1256050, "total": 1256050, "delivery_fee": 0, "create": "2022-12-10T05:24:02.670Z", "update": "2022-12-10T05:24:02.670Z"}}, {"model": "app.order", "pk": 54, "fields": {"status": "ready", "profile_id": "8f401cfd-8d29-4e5a-b791-5f475660b987", "coupon": 1, "coupon_value": 50000, "subtotal": 578000, "total": 528000, "delivery_fee": 0, "create": "2022-12-10T16:13:25.927Z", "update": "2022-12-10T16:13:25.927Z"}}, {"model": "app.order", "pk": 55, "fields": {"status": "ready", "profile_id": "2743ed89-9afa-4e19-9ec0-565d2b125471", "coupon": 1, "coupon_value": 50000, "subtotal": 399000, "total": 379000, "delivery_fee": 30000, "create": "2022-12-11T06:19:36.867Z", "update": "2022-12-11T06:19:36.867Z"}}, {"model": "app.order", "pk": 56, "fields": {"status": "ready", "profile_id": "2743ed89-9afa-4e19-9ec0-565d2b125471", "coupon": null, "coupon_value": 0, "subtotal": 399000, "total": 429000, "delivery_fee": 30000, "create": "2022-12-11T06:28:29.336Z", "update": "2022-12-11T06:28:29.336Z"}}, {"model": "app.orderitem", "pk": 1, "fields": {"order_id": 4, "product_id": 4, "color_id": null, "size_id": null, "quantity": 1, "price": 0, "create": "2022-11-19T08:38:33.220Z", "update": "2022-11-19T08:38:33.220Z"}}, {"model": "app.orderitem", "pk": 2, "fields": {"order_id": 5, "product_id": 4, "color_id": null, "size_id": null, "quantity": 1, "price": 0, "create": "2022-11-19T08:41:41.713Z", "update": "2022-11-19T08:41:41.713Z"}}, {"model": "app.orderitem", "pk": 3, "fields": {"order_id": 6, "product_id": 4, "color_id": null, "size_id": null, "quantity": 1, "price": 0, "create": "2022-11-19T08:53:05.930Z", "update": "2022-11-19T08:53:05.931Z"}}, {"model": "app.orderitem", "pk": 4, "fields": {"order_id": 7, "product_id": 4, "color_id": null, "size_id": null, "quantity": 1, "price": 0, "create": "2022-11-20T03:48:52.778Z", "update": "2022-11-20T03:48:52.778Z"}}, {"model": "app.orderitem", "pk": 5, "fields": {"order_id": 8, "product_id": 4, "color_id": null, "size_id": null, "quantity": 1, "price": 0, "create": "2022-11-20T03:49:55.117Z", "update": "2022-11-20T03:49:55.117Z"}}, {"model": "app.orderitem", "pk": 6, "fields": {"order_id": 9, "product_id": 4, "color_id": null, "size_id": null, "quantity": 1, "price": 0, "create": "2022-11-20T03:51:10.398Z", "update": "2022-11-20T03:51:10.399Z"}}, {"model": "app.orderitem", "pk": 7, "fields": {"order_id": 10, "product_id": 4, "color_id": null, "size_id": null, "quantity": 1, "price": 0, "create": "2022-11-20T03:57:00.478Z", "update": "2022-11-20T03:57:00.478Z"}}, {"model": "app.orderitem", "pk": 8, "fields": {"order_id": 11, "product_id": 4, "color_id": null, "size_id": null, "quantity": 1, "price": 0, "create": "2022-11-20T03:57:21.585Z", "update": "2022-11-20T03:57:21.585Z"}}, {"model": "app.orderitem", "pk": 9, "fields": {"order_id": 12, "product_id": 4, "color_id": null, "size_id": null, "quantity": 1, "price": 0, "create": "2022-11-20T03:59:12.821Z", "update": "2022-11-20T03:59:12.821Z"}}, {"model": "app.orderitem", "pk": 10, "fields": {"order_id": 13, "product_id": 4, "color_id": null, "size_id": null, "quantity": 1, "price": 0, "create": "2022-11-20T03:59:58.811Z", "update": "2022-11-20T03:59:58.811Z"}}, {"model": "app.orderitem", "pk": 11, "fields": {"order_id": 14, "product_id": 4, "color_id": null, "size_id": null, "quantity": 1, "price": 0, "create": "2022-11-20T04:01:15.250Z", "update": "2022-11-20T04:01:15.250Z"}}, {"model": "app.orderitem", "pk": 12, "fields": {"order_id": 15, "product_id": 4, "color_id": null, "size_id": null, "quantity": 1, "price": 0, "create": "2022-11-20T04:07:18.407Z", "update": "2022-11-20T04:07:18.407Z"}}, {"model": "app.orderitem", "pk": 13, "fields": {"order_id": 16, "product_id": 4, "color_id": null, "size_id": null, "quantity": 1, "price": 0, "create": "2022-11-20T05:00:34.145Z", "update": "2022-11-20T05:00:34.145Z"}}, {"model": "app.orderitem", "pk": 14, "fields": {"order_id": 17, "product_id": 4, "color_id": null, "size_id": null, "quantity": 1, "price": 0, "create": "2022-11-20T05:00:58.162Z", "update": "2022-11-20T05:00:58.162Z"}}, {"model": "app.orderitem", "pk": 15, "fields": {"order_id": 18, "product_id": 4, "color_id": null, "size_id": null, "quantity": 1, "price": 0, "create": "2022-11-20T05:01:36.790Z", "update": "2022-11-20T05:01:36.790Z"}}, {"model": "app.orderitem", "pk": 16, "fields": {"order_id": 19, "product_id": 4, "color_id": null, "size_id": null, "quantity": 1, "price": 0, "create": "2022-11-20T05:05:23.437Z", "update": "2022-11-20T05:05:23.437Z"}}, {"model": "app.orderitem", "pk": 17, "fields": {"order_id": 20, "product_id": 4, "color_id": null, "size_id": null, "quantity": 1, "price": 0, "create": "2022-11-20T05:07:20.019Z", "update": "2022-11-20T05:07:20.019Z"}}, {"model": "app.orderitem", "pk": 18, "fields": {"order_id": 21, "product_id": 4, "color_id": null, "size_id": null, "quantity": 1, "price": 0, "create": "2022-11-20T05:11:42.608Z", "update": "2022-11-20T05:11:42.608Z"}}, {"model": "app.orderitem", "pk": 19, "fields": {"order_id": 22, "product_id": 4, "color_id": null, "size_id": null, "quantity": 1, "price": 0, "create": "2022-11-20T05:11:54.775Z", "update": "2022-11-20T05:11:54.775Z"}}, {"model": "app.orderitem", "pk": 20, "fields": {"order_id": 23, "product_id": 4, "color_id": null, "size_id": null, "quantity": 1, "price": 0, "create": "2022-11-20T05:12:08.987Z", "update": "2022-11-20T05:12:08.987Z"}}, {"model": "app.orderitem", "pk": 21, "fields": {"order_id": 24, "product_id": 4, "color_id": null, "size_id": null, "quantity": 1, "price": 0, "create": "2022-11-20T05:12:38.073Z", "update": "2022-11-20T05:12:38.073Z"}}, {"model": "app.orderitem", "pk": 22, "fields": {"order_id": 25, "product_id": 4, "color_id": null, "size_id": null, "quantity": 1, "price": 0, "create": "2022-11-20T05:14:25.142Z", "update": "2022-11-20T05:14:25.142Z"}}, {"model": "app.orderitem", "pk": 23, "fields": {"order_id": 26, "product_id": 4, "color_id": null, "size_id": null, "quantity": 1, "price": 0, "create": "2022-11-20T05:17:08.556Z", "update": "2022-11-20T05:17:08.556Z"}}, {"model": "app.orderitem", "pk": 24, "fields": {"order_id": 27, "product_id": 4, "color_id": null, "size_id": null, "quantity": 1, "price": 0, "create": "2022-11-20T05:23:34.438Z", "update": "2022-11-20T05:23:34.438Z"}}, {"model": "app.orderitem", "pk": 25, "fields": {"order_id": 28, "product_id": 4, "color_id": null, "size_id": null, "quantity": 1, "price": 0, "create": "2022-11-20T15:26:06.548Z", "update": "2022-11-20T15:26:06.548Z"}}, {"model": "app.orderitem", "pk": 26, "fields": {"order_id": 29, "product_id": 4, "color_id": null, "size_id": null, "quantity": 1, "price": 0, "create": "2022-11-20T15:31:07.973Z", "update": "2022-11-20T15:31:07.974Z"}}, {"model": "app.orderitem", "pk": 27, "fields": {"order_id": 30, "product_id": 4, "color_id": null, "size_id": null, "quantity": 1, "price": 0, "create": "2022-11-20T15:35:49.180Z", "update": "2022-11-20T15:35:49.180Z"}}, {"model": "app.orderitem", "pk": 28, "fields": {"order_id": 31, "product_id": 4, "color_id": null, "size_id": null, "quantity": 1, "price": 0, "create": "2022-11-20T15:36:42.322Z", "update": "2022-11-20T15:36:42.322Z"}}, {"model": "app.orderitem", "pk": 29, "fields": {"order_id": 32, "product_id": 4, "color_id": null, "size_id": null, "quantity": 1, "price": 0, "create": "2022-11-20T15:39:05.624Z", "update": "2022-11-20T15:39:05.624Z"}}, {"model": "app.orderitem", "pk": 30, "fields": {"order_id": 33, "product_id": 4, "color_id": null, "size_id": null, "quantity": 1, "price": 0, "create": "2022-11-20T15:40:45.206Z", "update": "2022-11-20T15:40:45.206Z"}}, {"model": "app.orderitem", "pk": 31, "fields": {"order_id": 34, "product_id": 4, "color_id": null, "size_id": null, "quantity": 1, "price": 0, "create": "2022-11-20T15:44:42.902Z", "update": "2022-11-20T15:44:42.902Z"}}, {"model": "app.orderitem", "pk": 32, "fields": {"order_id": 35, "product_id": 4, "color_id": null, "size_id": null, "quantity": 1, "price": 0, "create": "2022-11-20T15:51:30.162Z", "update": "2022-11-20T15:51:30.162Z"}}, {"model": "app.orderitem", "pk": 33, "fields": {"order_id": 36, "product_id": 9, "color_id": null, "size_id": null, "quantity": 1, "price": 0, "create": "2022-11-20T15:56:30.345Z", "update": "2022-11-20T15:56:30.345Z"}}, {"model": "app.orderitem", "pk": 34, "fields": {"order_id": 36, "product_id": 8, "color_id": null, "size_id": null, "quantity": 1, "price": 0, "create": "2022-11-20T15:56:30.483Z", "update": "2022-11-20T15:56:30.484Z"}}, {"model": "app.orderitem", "pk": 35, "fields": {"order_id": 36, "product_id": 7, "color_id": null, "size_id": null, "quantity": 1, "price": 0, "create": "2022-11-20T15:56:30.623Z", "update": "2022-11-20T15:56:30.624Z"}}, {"model": "app.orderitem", "pk": 36, "fields": {"order_id": 38, "product_id": 4, "color_id": 2, "size_id": 2, "quantity": 4, "price": 0, "create": "2022-11-23T04:06:23.008Z", "update": "2022-11-23T04:06:23.008Z"}}, {"model": "app.orderitem", "pk": 37, "fields": {"order_id": 38, "product_id": 4, "color_id": 5, "size_id": 2, "quantity": 1, "price": 0, "create": "2022-11-23T04:06:23.143Z", "update": "2022-11-23T04:06:23.143Z"}}, {"model": "app.orderitem", "pk": 38, "fields": {"order_id": 39, "product_id": 8, "color_id": 5, "size_id": 6, "quantity": 1, "price": 399000, "create": "2022-11-27T16:25:25.550Z", "update": "2022-11-27T16:25:25.550Z"}}, {"model": "app.orderitem", "pk": 39, "fields": {"order_id": 40, "product_id": 4, "color_id": 2, "size_id": 2, "quantity": 1, "price": 299000, "create": "2022-11-29T06:16:06.958Z", "update": "2022-11-29T06:16:06.958Z"}}, {"model": "app.orderitem", "pk": 40, "fields": {"order_id": 41, "product_id": 9, "color_id": 1, "size_id": 1, "quantity": 2, "price": 260100, "create": "2022-11-29T06:31:45.655Z", "update": "2022-11-29T06:31:45.655Z"}}, {"model": "app.orderitem", "pk": 41, "fields": {"order_id": 42, "product_id": 9, "color_id": 1, "size_id": 1, "quantity": 3, "price": 260100, "create": "2022-11-29T06:56:41.246Z", "update": "2022-11-29T06:56:41.246Z"}}, {"model": "app.orderitem", "pk": 42, "fields": {"order_id": 43, "product_id": 9, "color_id": 1, "size_id": 1, "quantity": 1, "price": 260100, "create": "2022-11-29T07:07:49.054Z", "update": "2022-11-29T07:07:49.054Z"}}, {"model": "app.orderitem", "pk": 43, "fields": {"order_id": 44, "product_id": 8, "color_id": 5, "size_id": 6, "quantity": 1, "price": 399000, "create": "2022-11-29T07:19:03.848Z", "update": "2022-11-29T07:19:03.848Z"}}, {"model": "app.orderitem", "pk": 44, "fields": {"order_id": 45, "product_id": 9, "color_id": 1, "size_id": 1, "quantity": 1, "price": 260100, "create": "2022-11-29T07:22:37.199Z", "update": "2022-11-29T07:22:37.199Z"}}, {"model": "app.orderitem", "pk": 45, "fields": {"order_id": 46, "product_id": 8, "color_id": 5, "size_id": 6, "quantity": 1, "price": 399000, "create": "2022-11-29T07:28:11.064Z", "update": "2022-11-29T07:28:11.064Z"}}, {"model": "app.orderitem", "pk": 46, "fields": {"order_id": 47, "product_id": 9, "color_id": 1, "size_id": 1, "quantity": 1, "price": 260100, "create": "2022-11-29T07:30:08.284Z", "update": "2022-11-29T07:30:08.284Z"}}, {"model": "app.orderitem", "pk": 47, "fields": {"order_id": 48, "product_id": 8, "color_id": 5, "size_id": 6, "quantity": 3, "price": 399000, "create": "2022-11-29T14:41:47.841Z", "update": "2022-11-29T14:41:47.841Z"}}, {"model": "app.orderitem", "pk": 48, "fields": {"order_id": 48, "product_id": 9, "color_id": 1, "size_id": 1, "quantity": 3, "price": 260100, "create": "2022-11-29T14:41:48.022Z", "update": "2022-11-29T14:41:48.022Z"}}, {"model": "app.orderitem", "pk": 49, "fields": {"order_id": 49, "product_id": 9, "color_id": 1, "size_id": 1, "quantity": 1, "price": 260100, "create": "2022-11-29T14:47:43.852Z", "update": "2022-11-29T14:47:43.852Z"}}, {"model": "app.orderitem", "pk": 50, "fields": {"order_id": 50, "product_id": 1, "color_id": 1, "size_id": 1, "quantity": 1, "price": 289000, "create": "2022-12-01T07:08:24.070Z", "update": "2022-12-01T07:08:24.070Z"}}, {"model": "app.orderitem", "pk": 51, "fields": {"order_id": 50, "product_id": 8, "color_id": 5, "size_id": 6, "quantity": 1, "price": 399000, "create": "2022-12-01T07:08:24.373Z", "update": "2022-12-01T07:08:24.373Z"}}, {"model": "app.orderitem", "pk": 52, "fields": {"order_id": 51, "product_id": 8, "color_id": 5, "size_id": 6, "quantity": 2, "price": 399000, "create": "2022-12-09T02:29:14.609Z", "update": "2022-12-09T02:29:14.609Z"}}, {"model": "app.orderitem", "pk": 53, "fields": {"order_id": 51, "product_id": 9, "color_id": 1, "size_id": 1, "quantity": 1, "price": 289000, "create": "2022-12-09T02:29:14.962Z", "update": "2022-12-09T02:29:14.962Z"}}, {"model": "app.orderitem", "pk": 54, "fields": {"order_id": 52, "product_id": 8, "color_id": 5, "size_id": 6, "quantity": 1, "price": 399000, "create": "2022-12-10T01:40:05.636Z", "update": "2022-12-10T01:40:05.636Z"}}, {"model": "app.orderitem", "pk": 55, "fields": {"order_id": 53, "product_id": 9, "color_id": 1, "size_id": 1, "quantity": 2, "price": 289000, "create": "2022-12-10T05:24:02.849Z", "update": "2022-12-10T05:24:02.849Z"}}, {"model": "app.orderitem", "pk": 56, "fields": {"order_id": 53, "product_id": 7, "color_id": 2, "size_id": 2, "quantity": 1, "price": 379050, "create": "2022-12-10T05:24:03.173Z", "update": "2022-12-10T05:24:03.173Z"}}, {"model": "app.orderitem", "pk": 57, "fields": {"order_id": 53, "product_id": 4, "color_id": 2, "size_id": 2, "quantity": 1, "price": 299000, "create": "2022-12-10T05:24:03.471Z", "update": "2022-12-10T05:24:03.471Z"}}, {"model": "app.orderitem", "pk": 58, "fields": {"order_id": 54, "product_id": 9, "color_id": 1, "size_id": 1, "quantity": 2, "price": 289000, "create": "2022-12-10T16:13:26.276Z", "update": "2022-12-10T16:13:26.276Z"}}, {"model": "app.orderitem", "pk": 59, "fields": {"order_id": 55, "product_id": 8, "color_id": 5, "size_id": 6, "quantity": 1, "price": 399000, "create": "2022-12-11T06:19:37.232Z", "update": "2022-12-11T06:19:37.232Z"}}, {"model": "app.orderitem", "pk": 60, "fields": {"order_id": 56, "product_id": 8, "color_id": 5, "size_id": 6, "quantity": 1, "price": 399000, "create": "2022-12-11T06:28:30.234Z", "update": "2022-12-11T06:28:30.234Z"}}, {"model": "app.views", "pk": 1, "fields": {"product_id": 6, "profile_id": "3a17a4a3-71ea-4ef4-9c1e-66bb0d219195", "view": 1, "create": "2022-12-01T05:42:58.974Z", "update": "2022-12-01T05:42:58.974Z"}}, {"model": "app.views", "pk": 2, "fields": {"product_id": 4, "profile_id": "c046a1ea-e891-4cb2-844d-7c2c2aa52de1", "view": 10, "create": "2022-12-01T06:01:35.546Z", "update": "2022-12-10T04:35:54.332Z"}}, {"model": "app.views", "pk": 3, "fields": {"product_id": 6, "profile_id": "c046a1ea-e891-4cb2-844d-7c2c2aa52de1", "view": 5, "create": "2022-12-01T06:06:49.835Z", "update": "2022-12-10T03:21:56.861Z"}}, {"model": "app.views", "pk": 4, "fields": {"product_id": 3, "profile_id": "c046a1ea-e891-4cb2-844d-7c2c2aa52de1", "view": 5, "create": "2022-12-01T06:24:42.898Z", "update": "2022-12-10T05:54:48.815Z"}}, {"model": "app.views", "pk": 5, "fields": {"product_id": 7, "profile_id": "c046a1ea-e891-4cb2-844d-7c2c2aa52de1", "view": 5, "create": "2022-12-01T06:24:51.227Z", "update": "2022-12-10T05:50:20.014Z"}}, {"model": "app.views", "pk": 6, "fields": {"product_id": 9, "profile_id": "c046a1ea-e891-4cb2-844d-7c2c2aa52de1", "view": 41, "create": "2022-12-01T06:24:57.077Z", "update": "2022-12-10T05:50:05.959Z"}}, {"model": "app.views", "pk": 7, "fields": {"product_id": 8, "profile_id": "c046a1ea-e891-4cb2-844d-7c2c2aa52de1", "view": 27, "create": "2022-12-01T06:53:00.281Z", "update": "2022-12-10T04:31:15.427Z"}}, {"model": "app.views", "pk": 8, "fields": {"product_id": 5, "profile_id": "c046a1ea-e891-4cb2-844d-7c2c2aa52de1", "view": 1, "create": "2022-12-01T14:46:39.855Z", "update": "2022-12-01T14:46:39.855Z"}}, {"model": "app.views", "pk": 9, "fields": {"product_id": 1, "profile_id": "c046a1ea-e891-4cb2-844d-7c2c2aa52de1", "view": 1, "create": "2022-12-10T05:54:44.012Z", "update": "2022-12-10T05:54:44.012Z"}}, {"model": "app.views", "pk": 10, "fields": {"product_id": 9, "profile_id": "8f401cfd-8d29-4e5a-b791-5f475660b987", "view": 1, "create": "2022-12-10T16:12:52.095Z", "update": "2022-12-10T16:12:52.095Z"}}, {"model": "app.views", "pk": 11, "fields": {"product_id": 9, "profile_id": "2743ed89-9afa-4e19-9ec0-565d2b125471", "view": 6, "create": "2022-12-10T16:20:57.337Z", "update": "2022-12-12T15:40:06.451Z"}}, {"model": "app.views", "pk": 12, "fields": {"product_id": 8, "profile_id": "2743ed89-9afa-4e19-9ec0-565d2b125471", "view": 4, "create": "2022-12-11T06:07:08.516Z", "update": "2022-12-11T06:19:42.577Z"}}, {"model": "app.views", "pk": 13, "fields": {"product_id": 6, "profile_id": "2743ed89-9afa-4e19-9ec0-565d2b125471", "view": 1, "create": "2022-12-12T02:33:28.430Z", "update": "2022-12-12T02:33:28.430Z"}}, {"model": "app.views", "pk": 14, "fields": {"product_id": 10, "profile_id": "2743ed89-9afa-4e19-9ec0-565d2b125471", "view": 7, "create": "2022-12-12T02:39:29.319Z", "update": "2022-12-12T15:49:46.021Z"}}, {"model": "app.views", "pk": 15, "fields": {"product_id": 1, "profile_id": "2743ed89-9afa-4e19-9ec0-565d2b125471", "view": 3, "create": "2022-12-12T02:41:46.787Z", "update": "2022-12-12T15:38:30.843Z"}}, {"model": "app.views", "pk": 16, "fields": {"product_id": 3, "profile_id": "2743ed89-9afa-4e19-9ec0-565d2b125471", "view": 2, "create": "2022-12-12T02:48:00.354Z", "update": "2022-12-12T04:18:30.408Z"}}, {"model": "app.views", "pk": 17, "fields": {"product_id": 2, "profile_id": "2743ed89-9afa-4e19-9ec0-565d2b125471", "view": 2, "create": "2022-12-12T03:18:22.637Z", "update": "2022-12-12T04:28:10.389Z"}}]